Date,GDP_EU,GDP_RU,INFL_EU,INFL_RU
2021-01-01,0.3,1.645,1.21,5.049
2021-01-02,0.46,1.668,1.219,5.058
2021-01-03,0.62,1.692,1.228,5.067
2021-01-04,0.78,1.715,1.237,5.076
2021-01-05,0.94,1.738,1.246,5.085
2021-01-06,1.1,1.762,1.256,5.094
2021-01-07,1.26,1.785,1.265,5.103
2021-01-08,1.42,1.808,1.274,5.112
2021-01-09,1.58,1.832,1.283,5.121
2021-01-10,1.74,1.855,1.292,5.13
2021-01-11,1.9,1.878,1.301,5.139
2021-01-12,2.06,1.902,1.31,5.148
2021-01-13,2.22,1.925,1.319,5.157
2021-01-14,2.38,1.948,1.328,5.166
2021-01-15,2.54,1.972,1.338,5.176
2021-01-16,2.7,1.995,1.347,5.185
2021-01-17,2.86,2.018,1.356,5.194
2021-01-18,3.02,2.042,1.365,5.203
2021-01-19,3.18,2.065,1.374,5.212
2021-01-20,3.34,2.089,1.383,5.221
2021-01-21,3.5,2.112,1.392,5.23
2021-01-22,3.66,2.135,1.401,5.239
2021-01-23,3.82,2.159,1.41,5.248
2021-01-24,3.98,2.182,1.42,5.257
2021-01-25,4.14,2.205,1.429,5.266
2021-01-26,4.3,2.229,1.438,5.275
2021-01-27,4.46,2.252,1.447,5.284
2021-01-28,4.62,2.275,1.456,5.293
2021-01-29,4.78,2.299,1.465,5.303
2021-01-30,4.94,2.322,1.474,5.312
2021-01-31,5.1,2.345,1.483,5.321
2021-02-01,5.26,2.369,1.492,5.33
2021-02-02,5.42,2.392,1.502,5.339
2021-02-03,5.58,2.415,1.511,5.348
2021-02-04,5.74,2.439,1.52,5.357
2021-02-05,5.9,2.462,1.529,5.366
2021-02-06,6.06,2.485,1.538,5.375
2021-02-07,6.22,2.509,1.547,5.384
2021-02-08,6.38,2.532,1.556,5.393
2021-02-09,6.54,2.555,1.565,5.402
2021-02-10,6.7,2.579,1.574,5.411
2021-02-11,6.86,2.602,1.584,5.42
2021-02-12,7.02,2.625,1.593,5.429
2021-02-13,7.18,2.649,1.602,5.439
2021-02-14,7.34,2.672,1.611,5.448
2021-02-15,7.5,2.695,1.62,5.457
2021-02-16,7.66,2.719,1.629,5.466
2021-02-17,7.82,2.742,1.638,5.475
2021-02-18,7.98,2.765,1.647,5.484
2021-02-19,8.14,2.789,1.656,5.493
2021-02-20,8.3,2.812,1.666,5.502
2021-02-21,8.46,2.835,1.675,5.511
2021-02-22,8.62,2.859,1.684,5.52
2021-02-23,8.78,2.882,1.693,5.529
2021-02-24,8.94,2.906,1.702,5.538
2021-02-25,9.1,2.929,1.711,5.547
2021-02-26,9.26,2.952,1.72,5.556
2021-02-27,9.42,2.976,1.729,5.566
2021-02-28,9.58,2.999,1.738,5.575
2021-03-01,9.74,3.022,1.748,5.584
2021-03-02,9.9,3.046,1.757,5.593
2021-03-03,10.06,3.069,1.766,5.602
2021-03-04,10.22,3.092,1.775,5.611
2021-03-05,10.38,3.116,1.784,5.62
2021-03-06,10.54,3.139,1.793,5.629
2021-03-07,10.7,3.162,1.802,5.638
2021-03-08,10.86,3.186,1.811,5.647
2021-03-09,11.02,3.209,1.82,5.656
2021-03-10,11.18,3.232,1.83,5.665
2021-03-11,11.34,3.256,1.839,5.674
2021-03-12,11.5,3.279,1.848,5.683
2021-03-13,11.66,3.302,1.857,5.692
2021-03-14,11.82,3.326,1.866,5.702
2021-03-15,11.98,3.349,1.875,5.711
2021-03-16,12.14,3.372,1.884,5.72
2021-03-17,12.3,3.396,1.893,5.729
2021-03-18,12.46,3.419,1.902,5.738
2021-03-19,12.62,3.442,1.912,5.747
2021-03-20,12.78,3.466,1.921,5.756
2021-03-21,12.94,3.489,1.93,5.765
2021-03-22,13.1,3.512,1.939,5.774
2021-03-23,13.26,3.536,1.948,5.783
2021-03-24,13.42,3.559,1.957,5.792
2021-03-25,13.58,3.582,1.966,5.801
2021-03-26,13.74,3.606,1.975,5.81
2021-03-27,13.9,3.629,1.984,5.819
2021-03-28,14.06,3.652,1.994,5.828
2021-03-29,14.22,3.676,2.003,5.838
2021-03-30,14.38,3.699,2.012,5.847
2021-03-31,14.54,3.722,2.021,5.856
2021-04-01,14.7,3.746,2.03,5.865
2021-04-02,14.597,3.769,2.035,5.874
2021-04-03,14.493,3.793,2.04,5.883
2021-04-04,14.39,3.816,2.045,5.892
2021-04-05,14.287,3.839,2.049,5.901
2021-04-06,14.184,3.863,2.054,5.91
2021-04-07,14.08,3.886,2.059,5.919
2021-04-08,13.977,3.909,2.064,5.928
2021-04-09,13.874,3.933,2.069,5.937
2021-04-10,13.77,3.956,2.074,5.946
2021-04-11,13.667,3.979,2.078,5.955
2021-04-12,13.564,4.003,2.083,5.965
2021-04-13,13.46,4.026,2.088,5.974
2021-04-14,13.357,4.049,2.093,5.983
2021-04-15,13.254,4.073,2.098,5.992
2021-04-16,13.151,4.096,2.103,6.001
2021-04-17,13.047,4.119,2.107,6.01
2021-04-18,12.944,4.143,2.112,6.019
2021-04-19,12.841,4.166,2.117,6.028
2021-04-20,12.737,4.189,2.122,6.037
2021-04-21,12.634,4.213,2.127,6.046
2021-04-22,12.531,4.236,2.132,6.055
2021-04-23,12.427,4.259,2.136,6.064
2021-04-24,12.324,4.283,2.141,6.073
2021-04-25,12.221,4.306,2.146,6.082
2021-04-26,12.118,4.329,2.151,6.091
2021-04-27,12.014,4.353,2.156,6.101
2021-04-28,11.911,4.376,2.161,6.11
2021-04-29,11.808,4.399,2.165,6.119
2021-04-30,11.704,4.423,2.17,6.128
2021-05-01,11.601,4.446,2.175,6.137
2021-05-02,11.498,4.469,2.18,6.146
2021-05-03,11.395,4.493,2.185,6.155
2021-05-04,11.291,4.516,2.19,6.164
2021-05-05,11.188,4.539,2.194,6.173
2021-05-06,11.085,4.563,2.199,6.182
2021-05-07,10.981,4.586,2.204,6.191
2021-05-08,10.878,4.61,2.209,6.2
2021-05-09,10.775,4.633,2.214,6.209
2021-05-10,10.671,4.656,2.219,6.218
2021-05-11,10.568,4.68,2.223,6.228
2021-05-12,10.465,4.703,2.228,6.237
2021-05-13,10.362,4.726,2.233,6.246
2021-05-14,10.258,4.75,2.238,6.255
2021-05-15,10.155,4.773,2.243,6.264
2021-05-16,10.052,4.796,2.248,6.273
2021-05-17,9.948,4.82,2.252,6.282
2021-05-18,9.845,4.843,2.257,6.291
2021-05-19,9.742,4.866,2.262,6.3
2021-05-20,9.638,4.89,2.267,6.309
2021-05-21,9.535,4.913,2.272,6.318
2021-05-22,9.432,4.936,2.277,6.327
2021-05-23,9.329,4.96,2.281,6.336
2021-05-24,9.225,4.983,2.286,6.345
2021-05-25,9.122,5.006,2.291,6.354
2021-05-26,9.019,5.03,2.296,6.364
2021-05-27,8.915,5.053,2.301,6.373
2021-05-28,8.812,5.076,2.306,6.382
2021-05-29,8.709,5.1,2.31,6.391
2021-05-30,8.605,5.123,2.315,6.4
2021-05-31,8.502,5.146,2.32,6.409
2021-06-01,8.399,5.17,2.325,6.418
2021-06-02,8.296,5.193,2.33,6.427
2021-06-03,8.192,5.216,2.335,6.436
2021-06-04,8.089,5.24,2.339,6.445
2021-06-05,7.986,5.263,2.344,6.454
2021-06-06,7.882,5.286,2.349,6.463
2021-06-07,7.779,5.31,2.354,6.472
2021-06-08,7.676,5.333,2.359,6.481
2021-06-09,7.573,5.356,2.364,6.49
2021-06-10,7.469,5.38,2.368,6.5
2021-06-11,7.366,5.403,2.373,6.509
2021-06-12,7.263,5.426,2.378,6.518
2021-06-13,7.159,5.45,2.383,6.527
2021-06-14,7.056,5.473,2.388,6.536
2021-06-15,6.953,5.497,2.393,6.545
2021-06-16,6.849,5.52,2.397,6.554
2021-06-17,6.746,5.543,2.402,6.563
2021-06-18,6.643,5.567,2.407,6.572
2021-06-19,6.54,5.59,2.412,6.581
2021-06-20,6.436,5.613,2.417,6.59
2021-06-21,6.333,5.637,2.422,6.599
2021-06-22,6.23,5.66,2.426,6.608
2021-06-23,6.126,5.683,2.431,6.617
2021-06-24,6.023,5.707,2.436,6.627
2021-06-25,5.92,5.73,2.441,6.636
2021-06-26,5.816,5.753,2.446,6.645
2021-06-27,5.713,5.777,2.451,6.654
2021-06-28,5.61,5.8,2.455,6.663
2021-06-29,5.507,5.823,2.46,6.672
2021-06-30,5.403,5.847,2.465,6.681
2021-07-01,5.3,5.87,2.47,6.69
2021-07-02,5.305,5.85,2.491,6.709
2021-07-03,5.311,5.83,2.511,6.729
2021-07-04,5.316,5.81,2.532,6.748
2021-07-05,5.322,5.79,2.553,6.767
2021-07-06,5.327,5.77,2.573,6.787
2021-07-07,5.333,5.75,2.594,6.806
2021-07-08,5.338,5.73,2.615,6.825
2021-07-09,5.343,5.71,2.635,6.845
2021-07-10,5.349,5.69,2.656,6.864
2021-07-11,5.354,5.67,2.677,6.883
2021-07-12,5.36,5.65,2.697,6.902
2021-07-13,5.365,5.63,2.718,6.922
2021-07-14,5.371,5.61,2.738,6.941
2021-07-15,5.376,5.59,2.759,6.96
2021-07-16,5.382,5.57,2.78,6.98
2021-07-17,5.387,5.55,2.8,6.999
2021-07-18,5.392,5.53,2.821,7.018
2021-07-19,5.398,5.51,2.842,7.038
2021-07-20,5.403,5.489,2.862,7.057
2021-07-21,5.409,5.469,2.883,7.076
2021-07-22,5.414,5.449,2.904,7.096
2021-07-23,5.42,5.429,2.924,7.115
2021-07-24,5.425,5.409,2.945,7.134
2021-07-25,5.43,5.389,2.966,7.154
2021-07-26,5.436,5.369,2.986,7.173
2021-07-27,5.441,5.349,3.007,7.192
2021-07-28,5.447,5.329,3.028,7.212
2021-07-29,5.452,5.309,3.048,7.231
2021-07-30,5.458,5.289,3.069,7.25
2021-07-31,5.463,5.269,3.09,7.269
2021-08-01,5.468,5.249,3.11,7.289
2021-08-02,5.474,5.229,3.131,7.308
2021-08-03,5.479,5.209,3.152,7.327
2021-08-04,5.485,5.189,3.172,7.347
2021-08-05,5.49,5.169,3.193,7.366
2021-08-06,5.496,5.149,3.213,7.385
2021-08-07,5.501,5.129,3.234,7.405
2021-08-08,5.507,5.109,3.255,7.424
2021-08-09,5.512,5.089,3.275,7.443
2021-08-10,5.517,5.069,3.296,7.463
2021-08-11,5.523,5.049,3.317,7.482
2021-08-12,5.528,5.029,3.337,7.501
2021-08-13,5.534,5.009,3.358,7.521
2021-08-14,5.539,4.989,3.379,7.54
2021-08-15,5.545,4.969,3.399,7.559
2021-08-16,5.55,4.949,3.42,7.578
2021-08-17,5.555,4.929,3.441,7.598
2021-08-18,5.561,4.909,3.461,7.617
2021-08-19,5.566,4.889,3.482,7.636
2021-08-20,5.572,4.869,3.503,7.656
2021-08-21,5.577,4.849,3.523,7.675
2021-08-22,5.583,4.829,3.544,7.694
2021-08-23,5.588,4.809,3.565,7.714
2021-08-24,5.593,4.789,3.585,7.733
2021-08-25,5.599,4.768,3.606,7.752
2021-08-26,5.604,4.748,3.627,7.772
2021-08-27,5.61,4.728,3.647,7.791
2021-08-28,5.615,4.708,3.668,7.81
2021-08-29,5.621,4.688,3.688,7.83
2021-08-30,5.626,4.668,3.709,7.849
2021-08-31,5.632,4.648,3.73,7.868
2021-09-01,5.637,4.628,3.75,7.888
2021-09-02,5.642,4.608,3.771,7.907
2021-09-03,5.648,4.588,3.792,7.926
2021-09-04,5.653,4.568,3.812,7.945
2021-09-05,5.659,4.548,3.833,7.965
2021-09-06,5.664,4.528,3.854,7.984
2021-09-07,5.67,4.508,3.874,8.003
2021-09-08,5.675,4.488,3.895,8.023
2021-09-09,5.68,4.468,3.916,8.042
2021-09-10,5.686,4.448,3.936,8.061
2021-09-11,5.691,4.428,3.957,8.081
2021-09-12,5.697,4.408,3.978,8.1
2021-09-13,5.702,4.388,3.998,8.119
2021-09-14,5.708,4.368,4.019,8.139
2021-09-15,5.713,4.348,4.04,8.158
2021-09-16,5.718,4.328,4.06,8.177
2021-09-17,5.724,4.308,4.081,8.197
2021-09-18,5.729,4.288,4.102,8.216
2021-09-19,5.735,4.268,4.122,8.235
2021-09-20,5.74,4.248,4.143,8.255
2021-09-21,5.746,4.228,4.163,8.274
2021-09-22,5.751,4.208,4.184,8.293
2021-09-23,5.757,4.188,4.205,8.312
2021-09-24,5.762,4.168,4.225,8.332
2021-09-25,5.767,4.148,4.246,8.351
2021-09-26,5.773,4.128,4.267,8.37
2021-09-27,5.778,4.108,4.287,8.39
2021-09-28,5.784,4.088,4.308,8.409
2021-09-29,5.789,4.068,4.329,8.428
2021-09-30,5.795,4.048,4.349,8.448
2021-10-01,5.8,4.027,4.37,8.467
2021-10-02,5.798,4.007,4.383,8.486
2021-10-03,5.796,3.987,4.396,8.506
2021-10-04,5.793,3.967,4.409,8.525
2021-10-05,5.791,3.947,4.423,8.544
2021-10-06,5.789,3.927,4.436,8.564
2021-10-07,5.787,3.907,4.449,8.583
2021-10-08,5.785,3.887,4.462,8.602
2021-10-09,5.783,3.867,4.475,8.622
2021-10-10,5.78,3.847,4.488,8.641
2021-10-11,5.778,3.827,4.502,8.66
2021-10-12,5.776,3.807,4.515,8.679
2021-10-13,5.774,3.787,4.528,8.699
2021-10-14,5.772,3.767,4.541,8.718
2021-10-15,5.77,3.747,4.554,8.737
2021-10-16,5.767,3.727,4.567,8.757
2021-10-17,5.765,3.707,4.58,8.776
2021-10-18,5.763,3.687,4.594,8.795
2021-10-19,5.761,3.667,4.607,8.815
2021-10-20,5.759,3.647,4.62,8.834
2021-10-21,5.757,3.627,4.633,8.853
2021-10-22,5.754,3.607,4.646,8.873
2021-10-23,5.752,3.587,4.659,8.892
2021-10-24,5.75,3.567,4.672,8.911
2021-10-25,5.748,3.547,4.686,8.931
2021-10-26,5.746,3.527,4.699,8.95
2021-10-27,5.743,3.507,4.712,8.969
2021-10-28,5.741,3.487,4.725,8.988
2021-10-29,5.739,3.467,4.738,9.008
2021-10-30,5.737,3.447,4.751,9.027
2021-10-31,5.735,3.427,4.765,9.046
2021-11-01,5.733,3.407,4.778,9.066
2021-11-02,5.73,3.387,4.791,9.085
2021-11-03,5.728,3.367,4.804,9.104
2021-11-04,5.726,3.347,4.817,9.124
2021-11-05,5.724,3.327,4.83,9.143
2021-11-06,5.722,3.306,4.843,9.162
2021-11-07,5.72,3.286,4.857,9.182
2021-11-08,5.717,3.266,4.87,9.201
2021-11-09,5.715,3.246,4.883,9.22
2021-11-10,5.713,3.226,4.896,9.24
2021-11-11,5.711,3.206,4.909,9.259
2021-11-12,5.709,3.186,4.922,9.278
2021-11-13,5.707,3.166,4.936,9.298
2021-11-14,5.704,3.146,4.949,9.317
2021-11-15,5.702,3.126,4.962,9.336
2021-11-16,5.7,3.106,4.975,9.355
2021-11-17,5.698,3.086,4.988,9.375
2021-11-18,5.696,3.066,5.001,9.394
2021-11-19,5.693,3.046,5.014,9.413
2021-11-20,5.691,3.026,5.028,9.433
2021-11-21,5.689,3.006,5.041,9.452
2021-11-22,5.687,2.986,5.054,9.471
2021-11-23,5.685,2.966,5.067,9.491
2021-11-24,5.683,2.946,5.08,9.51
2021-11-25,5.68,2.926,5.093,9.529
2021-11-26,5.678,2.906,5.107,9.549
2021-11-27,5.676,2.886,5.12,9.568
2021-11-28,5.674,2.866,5.133,9.587
2021-11-29,5.672,2.846,5.146,9.607
2021-11-30,5.67,2.826,5.159,9.626
2021-12-01,5.667,2.806,5.172,9.645
2021-12-02,5.665,2.786,5.185,9.665
2021-12-03,5.663,2.766,5.199,9.684
2021-12-04,5.661,2.746,5.212,9.703
2021-12-05,5.659,2.726,5.225,9.722
2021-12-06,5.657,2.706,5.238,9.742
2021-12-07,5.654,2.686,5.251,9.761
2021-12-08,5.652,2.666,5.264,9.78
2021-12-09,5.65,2.646,5.278,9.8
2021-12-10,5.648,2.626,5.291,9.819
2021-12-11,5.646,2.606,5.304,9.838
2021-12-12,5.643,2.586,5.317,9.858
2021-12-13,5.641,2.565,5.33,9.877
2021-12-14,5.639,2.545,5.343,9.896
2021-12-15,5.637,2.525,5.356,9.916
2021-12-16,5.635,2.505,5.37,9.935
2021-12-17,5.633,2.485,5.383,9.954
2021-12-18,5.63,2.465,5.396,9.974
2021-12-19,5.628,2.445,5.409,9.993
2021-12-20,5.626,2.425,5.422,10.012
2021-12-21,5.624,2.405,5.435,10.032
2021-12-22,5.622,2.385,5.448,10.051
2021-12-23,5.62,2.365,5.462,10.07
2021-12-24,5.617,2.345,5.475,10.089
2021-12-25,5.615,2.325,5.488,10.109
2021-12-26,5.613,2.305,5.501,10.128
2021-12-27,5.611,2.285,5.514,10.147
2021-12-28,5.609,2.265,5.527,10.167
2021-12-29,5.607,2.245,5.541,10.186
2021-12-30,5.604,2.225,5.554,10.205
2021-12-31,5.602,2.205,5.567,10.225
2022-01-01,5.6,2.185,5.58,10.244
2022-01-02,5.584,2.165,5.608,10.263
2022-01-03,5.569,2.145,5.636,10.283
2022-01-04,5.553,2.125,5.664,10.302
2022-01-05,5.538,2.105,5.692,10.321
2022-01-06,5.522,2.085,5.72,10.341
2022-01-07,5.507,2.065,5.748,10.36
2022-01-08,5.491,2.045,5.776,10.379
2022-01-09,5.476,2.025,5.804,10.398
2022-01-10,5.46,2.005,5.832,10.418
2022-01-11,5.444,1.985,5.86,10.437
2022-01-12,5.429,1.965,5.888,10.456
2022-01-13,5.413,1.945,5.916,10.476
2022-01-14,5.398,1.925,5.944,10.495
2022-01-15,5.382,1.905,5.972,10.514
2022-01-16,5.367,1.885,6.0,10.534
2022-01-17,5.351,1.865,6.028,10.553
2022-01-18,5.336,1.844,6.056,10.572
2022-01-19,5.32,1.824,6.084,10.592
2022-01-20,5.304,1.804,6.112,10.611
2022-01-21,5.289,1.784,6.14,10.63
2022-01-22,5.273,1.764,6.168,10.65
2022-01-23,5.258,1.744,6.196,10.669
2022-01-24,5.242,1.724,6.224,10.688
2022-01-25,5.227,1.704,6.252,10.708
2022-01-26,5.211,1.684,6.28,10.727
2022-01-27,5.196,1.664,6.308,10.746
2022-01-28,5.18,1.644,6.336,10.765
2022-01-29,5.164,1.624,6.364,10.785
2022-01-30,5.149,1.604,6.392,10.804
2022-01-31,5.133,1.584,6.42,10.823
2022-02-01,5.118,1.564,6.448,10.843
2022-02-02,5.102,1.544,6.476,10.862
2022-02-03,5.087,1.524,6.504,10.881
2022-02-04,5.071,1.504,6.532,10.901
2022-02-05,5.056,1.484,6.56,10.92
2022-02-06,5.04,1.464,6.588,10.939
2022-02-07,5.024,1.444,6.616,10.959
2022-02-08,5.009,1.424,6.644,10.978
2022-02-09,4.993,1.404,6.672,10.997
2022-02-10,4.978,1.384,6.7,11.017
2022-02-11,4.962,1.364,6.728,11.036
2022-02-12,4.947,1.344,6.756,11.055
2022-02-13,4.931,1.324,6.784,11.075
2022-02-14,4.916,1.304,6.812,11.094
2022-02-15,4.9,1.284,6.84,11.113
2022-02-16,4.884,1.264,6.868,11.132
2022-02-17,4.869,1.244,6.896,11.152
2022-02-18,4.853,1.224,6.924,11.171
2022-02-19,4.838,1.204,6.952,11.19
2022-02-20,4.822,1.184,6.98,11.21
2022-02-21,4.807,1.164,7.008,11.229
2022-02-22,4.791,1.144,7.036,11.248
2022-02-23,4.776,1.124,7.064,11.268
2022-02-24,4.76,1.103,7.092,11.287
2022-02-25,4.744,1.083,7.12,11.306
2022-02-26,4.729,1.063,7.148,11.326
2022-02-27,4.713,1.043,7.176,11.345
2022-02-28,4.698,1.023,7.204,11.364
2022-03-01,4.682,1.003,7.232,11.384
2022-03-02,4.667,0.983,7.26,11.403
2022-03-03,4.651,0.963,7.288,11.422
2022-03-04,4.636,0.943,7.316,11.442
2022-03-05,4.62,0.923,7.344,11.461
2022-03-06,4.604,0.903,7.372,11.48
2022-03-07,4.589,0.883,7.4,11.499
2022-03-08,4.573,0.863,7.428,11.519
2022-03-09,4.558,0.843,7.456,11.538
2022-03-10,4.542,0.823,7.484,11.557
2022-03-11,4.527,0.803,7.512,11.577
2022-03-12,4.511,0.783,7.54,11.596
2022-03-13,4.496,0.763,7.568,11.615
2022-03-14,4.48,0.743,7.596,11.635
2022-03-15,4.464,0.723,7.624,11.654
2022-03-16,4.449,0.703,7.652,11.673
2022-03-17,4.433,0.683,7.68,11.693
2022-03-18,4.418,0.663,7.708,11.712
2022-03-19,4.402,0.643,7.736,11.731
2022-03-20,4.387,0.623,7.764,11.751
2022-03-21,4.371,0.603,7.792,11.77
2022-03-22,4.356,0.583,7.82,11.789
2022-03-23,4.34,0.563,7.848,11.808
2022-03-24,4.324,0.543,7.876,11.828
2022-03-25,4.309,0.523,7.904,11.847
2022-03-26,4.293,0.503,7.932,11.866
2022-03-27,4.278,0.483,7.96,11.886
2022-03-28,4.262,0.463,7.988,11.905
2022-03-29,4.247,0.443,8.016,11.924
2022-03-30,4.231,0.423,8.044,11.944
2022-03-31,4.216,0.403,8.072,11.963
2022-04-01,4.2,0.382,8.1,11.982
2022-04-02,4.186,0.362,8.118,12.002
2022-04-03,4.171,0.342,8.137,12.021
2022-04-04,4.157,0.322,8.155,12.04
2022-04-05,4.143,0.302,8.174,12.06
2022-04-06,4.129,0.282,8.192,12.079
2022-04-07,4.114,0.262,8.211,12.098
2022-04-08,4.1,0.242,8.229,12.118
2022-04-09,4.086,0.222,8.248,12.137
2022-04-10,4.071,0.202,8.266,12.156
2022-04-11,4.057,0.182,8.285,12.175
2022-04-12,4.043,0.162,8.303,12.195
2022-04-13,4.029,0.142,8.322,12.214
2022-04-14,4.014,0.122,8.34,12.233
2022-04-15,4.0,0.102,8.358,12.253
2022-04-16,3.986,0.082,8.377,12.272
2022-04-17,3.971,0.062,8.395,12.291
2022-04-18,3.957,0.042,8.414,12.311
2022-04-19,3.943,0.022,8.432,12.33
2022-04-20,3.929,0.002,8.451,12.349
2022-04-21,3.914,-0.018,8.469,12.369
2022-04-22,3.9,-0.038,8.488,12.388
2022-04-23,3.886,-0.058,8.506,12.407
2022-04-24,3.871,-0.078,8.525,12.427
2022-04-25,3.857,-0.098,8.543,12.446
2022-04-26,3.843,-0.118,8.562,12.465
2022-04-27,3.829,-0.138,8.58,12.485
2022-04-28,3.814,-0.158,8.598,12.504
2022-04-29,3.8,-0.178,8.617,12.523
2022-04-30,3.786,-0.198,8.635,12.542
2022-05-01,3.771,-0.218,8.654,12.562
2022-05-02,3.757,-0.238,8.672,12.581
2022-05-03,3.743,-0.258,8.691,12.6
2022-05-04,3.729,-0.278,8.709,12.62
2022-05-05,3.714,-0.298,8.728,12.639
2022-05-06,3.7,-0.318,8.746,12.658
2022-05-07,3.686,-0.338,8.765,12.678
2022-05-08,3.671,-0.359,8.783,12.697
2022-05-09,3.657,-0.379,8.802,12.716
2022-05-10,3.643,-0.399,8.82,12.736
2022-05-11,3.629,-0.419,8.838,12.755
2022-05-12,3.614,-0.439,8.857,12.774
2022-05-13,3.6,-0.459,8.875,12.794
2022-05-14,3.586,-0.479,8.894,12.813
2022-05-15,3.571,-0.499,8.912,12.832
2022-05-16,3.557,-0.519,8.931,12.852
2022-05-17,3.543,-0.539,8.949,12.871
2022-05-18,3.529,-0.559,8.968,12.89
2022-05-19,3.514,-0.579,8.986,12.909
2022-05-20,3.5,-0.599,9.005,12.929
2022-05-21,3.486,-0.619,9.023,12.948
2022-05-22,3.471,-0.639,9.042,12.967
2022-05-23,3.457,-0.659,9.06,12.987
2022-05-24,3.443,-0.679,9.078,13.006
2022-05-25,3.429,-0.699,9.097,13.025
2022-05-26,3.414,-0.719,9.115,13.045
2022-05-27,3.4,-0.739,9.134,13.064
2022-05-28,3.386,-0.759,9.152,13.083
2022-05-29,3.371,-0.779,9.171,13.103
2022-05-30,3.357,-0.799,9.189,13.122
2022-05-31,3.343,-0.819,9.208,13.141
2022-06-01,3.329,-0.839,9.226,13.161
2022-06-02,3.314,-0.859,9.245,13.18
2022-06-03,3.3,-0.879,9.263,13.199
2022-06-04,3.286,-0.899,9.282,13.218
2022-06-05,3.271,-0.919,9.3,13.238
2022-06-06,3.257,-0.939,9.318,13.257
2022-06-07,3.243,-0.959,9.337,13.276
2022-06-08,3.229,-0.979,9.355,13.296
2022-06-09,3.214,-0.999,9.374,13.315
2022-06-10,3.2,-1.019,9.392,13.334
2022-06-11,3.186,-1.039,9.411,13.354
2022-06-12,3.171,-1.059,9.429,13.373
2022-06-13,3.157,-1.08,9.448,13.392
2022-06-14,3.143,-1.1,9.466,13.412
2022-06-15,3.129,-1.12,9.485,13.431
2022-06-16,3.114,-1.14,9.503,13.45
2022-06-17,3.1,-1.16,9.522,13.47
2022-06-18,3.086,-1.18,9.54,13.489
2022-06-19,3.071,-1.2,9.558,13.508
2022-06-20,3.057,-1.22,9.577,13.528
2022-06-21,3.043,-1.24,9.595,13.547
2022-06-22,3.029,-1.26,9.614,13.566
2022-06-23,3.014,-1.28,9.632,13.585
2022-06-24,3.0,-1.3,9.651,13.605
2022-06-25,2.986,-1.32,9.669,13.624
2022-06-26,2.971,-1.34,9.688,13.643
2022-06-27,2.957,-1.36,9.706,13.663
2022-06-28,2.943,-1.38,9.725,13.682
2022-06-29,2.929,-1.4,9.743,13.701
2022-06-30,2.914,-1.42,9.762,13.721
2022-07-01,2.9,-1.44,9.78,13.74
2022-07-02,2.888,-1.425,9.799,13.718
2022-07-03,2.876,-1.41,9.817,13.697
2022-07-04,2.864,-1.395,9.836,13.675
2022-07-05,2.852,-1.38,9.855,13.654
2022-07-06,2.84,-1.364,9.873,13.632
2022-07-07,2.828,-1.349,9.892,13.611
2022-07-08,2.816,-1.334,9.911,13.589
2022-07-09,2.804,-1.319,9.93,13.568
2022-07-10,2.792,-1.304,9.948,13.546
2022-07-11,2.78,-1.289,9.967,13.524
2022-07-12,2.768,-1.274,9.986,13.503
2022-07-13,2.757,-1.259,10.004,13.481
2022-07-14,2.745,-1.243,10.023,13.46
2022-07-15,2.733,-1.228,10.042,13.438
2022-07-16,2.721,-1.213,10.06,13.417
2022-07-17,2.709,-1.198,10.079,13.395
2022-07-18,2.697,-1.183,10.098,13.373
2022-07-19,2.685,-1.168,10.117,13.352
2022-07-20,2.673,-1.153,10.135,13.33
2022-07-21,2.661,-1.138,10.154,13.309
2022-07-22,2.649,-1.122,10.173,13.287
2022-07-23,2.637,-1.107,10.191,13.266
2022-07-24,2.625,-1.092,10.21,13.244
2022-07-25,2.613,-1.077,10.229,13.223
2022-07-26,2.601,-1.062,10.247,13.201
2022-07-27,2.589,-1.047,10.266,13.179
2022-07-28,2.577,-1.032,10.285,13.158
2022-07-29,2.565,-1.017,10.303,13.136
2022-07-30,2.553,-1.001,10.322,13.115
2022-07-31,2.541,-0.986,10.341,13.093
2022-08-01,2.529,-0.971,10.36,13.072
2022-08-02,2.517,-0.956,10.378,13.05
2022-08-03,2.505,-0.941,10.397,13.028
2022-08-04,2.493,-0.926,10.416,13.007
2022-08-05,2.482,-0.911,10.434,12.985
2022-08-06,2.47,-0.896,10.453,12.964
2022-08-07,2.458,-0.88,10.472,12.942
2022-08-08,2.446,-0.865,10.49,12.921
2022-08-09,2.434,-0.85,10.509,12.899
2022-08-10,2.422,-0.835,10.528,12.878
2022-08-11,2.41,-0.82,10.547,12.856
2022-08-12,2.398,-0.805,10.565,12.834
2022-08-13,2.386,-0.79,10.584,12.813
2022-08-14,2.374,-0.775,10.603,12.791
2022-08-15,2.362,-0.759,10.621,12.77
2022-08-16,2.35,-0.744,10.64,12.748
2022-08-17,2.338,-0.729,10.659,12.727
2022-08-18,2.326,-0.714,10.677,12.705
2022-08-19,2.314,-0.699,10.696,12.683
2022-08-20,2.302,-0.684,10.715,12.662
2022-08-21,2.29,-0.669,10.733,12.64
2022-08-22,2.278,-0.654,10.752,12.619
2022-08-23,2.266,-0.638,10.771,12.597
2022-08-24,2.254,-0.623,10.79,12.576
2022-08-25,2.242,-0.608,10.808,12.554
2022-08-26,2.23,-0.593,10.827,12.533
2022-08-27,2.218,-0.578,10.846,12.511
2022-08-28,2.207,-0.563,10.864,12.489
2022-08-29,2.195,-0.548,10.883,12.468
2022-08-30,2.183,-0.533,10.902,12.446
2022-08-31,2.171,-0.517,10.92,12.425
2022-09-01,2.159,-0.502,10.939,12.403
2022-09-02,2.147,-0.487,10.958,12.382
2022-09-03,2.135,-0.472,10.977,12.36
2022-09-04,2.123,-0.457,10.995,12.338
2022-09-05,2.111,-0.442,11.014,12.317
2022-09-06,2.099,-0.427,11.033,12.295
2022-09-07,2.087,-0.412,11.051,12.274
2022-09-08,2.075,-0.396,11.07,12.252
2022-09-09,2.063,-0.381,11.089,12.231
2022-09-10,2.051,-0.366,11.107,12.209
2022-09-11,2.039,-0.351,11.126,12.188
2022-09-12,2.027,-0.336,11.145,12.166
2022-09-13,2.015,-0.321,11.163,12.144
2022-09-14,2.003,-0.306,11.182,12.123
2022-09-15,1.991,-0.291,11.201,12.101
2022-09-16,1.979,-0.276,11.22,12.08
2022-09-17,1.967,-0.26,11.238,12.058
2022-09-18,1.955,-0.245,11.257,12.037
2022-09-19,1.943,-0.23,11.276,12.015
2022-09-20,1.932,-0.215,11.294,11.994
2022-09-21,1.92,-0.2,11.313,11.972
2022-09-22,1.908,-0.185,11.332,11.95
2022-09-23,1.896,-0.17,11.35,11.929
2022-09-24,1.884,-0.155,11.369,11.907
2022-09-25,1.872,-0.139,11.388,11.886
2022-09-26,1.86,-0.124,11.407,11.864
2022-09-27,1.848,-0.109,11.425,11.843
2022-09-28,1.836,-0.094,11.444,11.821
2022-09-29,1.824,-0.079,11.463,11.799
2022-09-30,1.812,-0.064,11.481,11.778
2022-10-01,1.8,-0.049,11.5,11.756
2022-10-02,1.793,-0.034,11.483,11.735
2022-10-03,1.787,-0.018,11.467,11.713
2022-10-04,1.78,-0.003,11.45,11.692
2022-10-05,1.774,0.012,11.433,11.67
2022-10-06,1.767,0.027,11.417,11.649
2022-10-07,1.761,0.042,11.4,11.627
2022-10-08,1.754,0.057,11.384,11.605
2022-10-09,1.748,0.072,11.367,11.584
2022-10-10,1.741,0.087,11.35,11.562
2022-10-11,1.735,0.103,11.334,11.541
2022-10-12,1.728,0.118,11.317,11.519
2022-10-13,1.722,0.133,11.3,11.498
2022-10-14,1.715,0.148,11.284,11.476
2022-10-15,1.709,0.163,11.267,11.454
2022-10-16,1.702,0.178,11.251,11.433
2022-10-17,1.696,0.193,11.234,11.411
2022-10-18,1.689,0.208,11.217,11.39
2022-10-19,1.683,0.224,11.201,11.368
2022-10-20,1.676,0.239,11.184,11.347
2022-10-21,1.67,0.254,11.167,11.325
2022-10-22,1.663,0.269,11.151,11.304
2022-10-23,1.657,0.284,11.134,11.282
2022-10-24,1.65,0.299,11.118,11.26
2022-10-25,1.643,0.314,11.101,11.239
2022-10-26,1.637,0.329,11.084,11.217
2022-10-27,1.63,0.345,11.068,11.196
2022-10-28,1.624,0.36,11.051,11.174
2022-10-29,1.617,0.375,11.034,11.153
2022-10-30,1.611,0.39,11.018,11.131
2022-10-31,1.604,0.405,11.001,11.109
2022-11-01,1.598,0.42,10.984,11.088
2022-11-02,1.591,0.435,10.968,11.066
2022-11-03,1.585,0.45,10.951,11.045
2022-11-04,1.578,0.466,10.935,11.023
2022-11-05,1.572,0.481,10.918,11.002
2022-11-06,1.565,0.496,10.901,10.98
2022-11-07,1.559,0.511,10.885,10.959
2022-11-08,1.552,0.526,10.868,10.937
2022-11-09,1.546,0.541,10.851,10.915
2022-11-10,1.539,0.556,10.835,10.894
2022-11-11,1.533,0.571,10.818,10.872
2022-11-12,1.526,0.587,10.802,10.851
2022-11-13,1.52,0.602,10.785,10.829
2022-11-14,1.513,0.617,10.768,10.808
2022-11-15,1.507,0.632,10.752,10.786
2022-11-16,1.5,0.647,10.735,10.764
2022-11-17,1.493,0.662,10.718,10.743
2022-11-18,1.487,0.677,10.702,10.721
2022-11-19,1.48,0.692,10.685,10.7
2022-11-20,1.474,0.708,10.668,10.678
2022-11-21,1.467,0.723,10.652,10.657
2022-11-22,1.461,0.738,10.635,10.635
2022-11-23,1.454,0.753,10.619,10.614
2022-11-24,1.448,0.768,10.602,10.592
2022-11-25,1.441,0.783,10.585,10.57
2022-11-26,1.435,0.798,10.569,10.549
2022-11-27,1.428,0.813,10.552,10.527
2022-11-28,1.422,0.828,10.535,10.506
2022-11-29,1.415,0.844,10.519,10.484
2022-11-30,1.409,0.859,10.502,10.463
2022-12-01,1.402,0.874,10.486,10.441
2022-12-02,1.396,0.889,10.469,10.42
2022-12-03,1.389,0.904,10.452,10.398
2022-12-04,1.383,0.919,10.436,10.376
2022-12-05,1.376,0.934,10.419,10.355
2022-12-06,1.37,0.949,10.402,10.333
2022-12-07,1.363,0.965,10.386,10.312
2022-12-08,1.357,0.98,10.369,10.29
2022-12-09,1.35,0.995,10.353,10.269
2022-12-10,1.343,1.01,10.336,10.247
2022-12-11,1.337,1.025,10.319,10.225
2022-12-12,1.33,1.04,10.303,10.204
2022-12-13,1.324,1.055,10.286,10.182
2022-12-14,1.317,1.07,10.269,10.161
2022-12-15,1.311,1.086,10.253,10.139
2022-12-16,1.304,1.101,10.236,10.118
2022-12-17,1.298,1.116,10.219,10.096
2022-12-18,1.291,1.131,10.203,10.075
2022-12-19,1.285,1.146,10.186,10.053
2022-12-20,1.278,1.161,10.17,10.031
2022-12-21,1.272,1.176,10.153,10.01
2022-12-22,1.265,1.191,10.136,9.988
2022-12-23,1.259,1.207,10.12,9.967
2022-12-24,1.252,1.222,10.103,9.945
2022-12-25,1.246,1.237,10.086,9.924
2022-12-26,1.239,1.252,10.07,9.902
2022-12-27,1.233,1.267,10.053,9.88
2022-12-28,1.226,1.282,10.037,9.859
2022-12-29,1.22,1.297,10.02,9.837
2022-12-30,1.213,1.312,10.003,9.816
2022-12-31,1.207,1.328,9.987,9.794
2023-01-01,1.2,1.343,9.97,9.773
2023-01-02,1.191,1.358,9.949,9.751
2023-01-03,1.182,1.373,9.929,9.73
2023-01-04,1.173,1.388,9.908,9.708
2023-01-05,1.164,1.403,9.887,9.686
2023-01-06,1.156,1.418,9.867,9.665
2023-01-07,1.147,1.433,9.846,9.643
2023-01-08,1.138,1.449,9.825,9.622
2023-01-09,1.129,1.464,9.805,9.6
2023-01-10,1.12,1.479,9.784,9.579
2023-01-11,1.111,1.494,9.763,9.557
2023-01-12,1.102,1.509,9.743,9.535
2023-01-13,1.093,1.524,9.722,9.514
2023-01-14,1.084,1.539,9.701,9.492
2023-01-15,1.076,1.554,9.681,9.471
2023-01-16,1.067,1.57,9.66,9.449
2023-01-17,1.058,1.585,9.639,9.428
2023-01-18,1.049,1.6,9.619,9.406
2023-01-19,1.04,1.615,9.598,9.385
2023-01-20,1.031,1.63,9.577,9.363
2023-01-21,1.022,1.645,9.557,9.341
2023-01-22,1.013,1.66,9.536,9.32
2023-01-23,1.004,1.675,9.515,9.298
2023-01-24,0.996,1.691,9.495,9.277
2023-01-25,0.987,1.706,9.474,9.255
2023-01-26,0.978,1.721,9.453,9.234
2023-01-27,0.969,1.736,9.433,9.212
2023-01-28,0.96,1.751,9.412,9.19
2023-01-29,0.951,1.766,9.391,9.169
2023-01-30,0.942,1.781,9.371,9.147
2023-01-31,0.933,1.796,9.35,9.126
2023-02-01,0.924,1.812,9.329,9.104
2023-02-02,0.916,1.827,9.309,9.083
2023-02-03,0.907,1.842,9.288,9.061
2023-02-04,0.898,1.857,9.267,9.04
2023-02-05,0.889,1.872,9.247,9.018
2023-02-06,0.88,1.887,9.226,8.996
2023-02-07,0.871,1.902,9.205,8.975
2023-02-08,0.862,1.917,9.185,8.953
2023-02-09,0.853,1.932,9.164,8.932
2023-02-10,0.844,1.948,9.143,8.91
2023-02-11,0.836,1.963,9.123,8.889
2023-02-12,0.827,1.978,9.102,8.867
2023-02-13,0.818,1.993,9.081,8.846
2023-02-14,0.809,2.008,9.061,8.824
2023-02-15,0.8,2.023,9.04,8.802
2023-02-16,0.791,2.038,9.019,8.781
2023-02-17,0.782,2.053,8.999,8.759
2023-02-18,0.773,2.069,8.978,8.738
2023-02-19,0.764,2.084,8.957,8.716
2023-02-20,0.756,2.099,8.937,8.695
2023-02-21,0.747,2.114,8.916,8.673
2023-02-22,0.738,2.129,8.895,8.651
2023-02-23,0.729,2.144,8.875,8.63
2023-02-24,0.72,2.159,8.854,8.608
2023-02-25,0.711,2.174,8.833,8.587
2023-02-26,0.702,2.19,8.813,8.565
2023-02-27,0.693,2.205,8.792,8.544
2023-02-28,0.684,2.22,8.771,8.522
2023-03-01,0.676,2.235,8.751,8.501
2023-03-02,0.667,2.25,8.73,8.479
2023-03-03,0.658,2.265,8.709,8.457
2023-03-04,0.649,2.28,8.689,8.436
2023-03-05,0.64,2.295,8.668,8.414
2023-03-06,0.631,2.311,8.647,8.393
2023-03-07,0.622,2.326,8.627,8.371
2023-03-08,0.613,2.341,8.606,8.35
2023-03-09,0.604,2.356,8.585,8.328
2023-03-10,0.596,2.371,8.565,8.306
2023-03-11,0.587,2.386,8.544,8.285
2023-03-12,0.578,2.401,8.523,8.263
2023-03-13,0.569,2.416,8.503,8.242
2023-03-14,0.56,2.432,8.482,8.22
2023-03-15,0.551,2.447,8.461,8.199
2023-03-16,0.542,2.462,8.441,8.177
2023-03-17,0.533,2.477,8.42,8.156
2023-03-18,0.524,2.492,8.399,8.134
2023-03-19,0.516,2.507,8.379,8.112
2023-03-20,0.507,2.522,8.358,8.091
2023-03-21,0.498,2.537,8.337,8.069
2023-03-22,0.489,2.553,8.317,8.048
2023-03-23,0.48,2.568,8.296,8.026
2023-03-24,0.471,2.583,8.275,8.005
2023-03-25,0.462,2.598,8.255,7.983
2023-03-26,0.453,2.613,8.234,7.961
2023-03-27,0.444,2.628,8.213,7.94
2023-03-28,0.436,2.643,8.193,7.918
2023-03-29,0.427,2.658,8.172,7.897
2023-03-30,0.418,2.674,8.151,7.875
2023-03-31,0.409,2.689,8.131,7.854
2023-04-01,0.4,2.704,8.11,7.832
2023-04-02,0.397,2.719,8.088,7.811
2023-04-03,0.393,2.734,8.067,7.789
2023-04-04,0.39,2.749,8.045,7.767
2023-04-05,0.387,2.764,8.024,7.746
2023-04-06,0.384,2.779,8.002,7.724
2023-04-07,0.38,2.795,7.981,7.703
2023-04-08,0.377,2.81,7.959,7.681
2023-04-09,0.374,2.825,7.938,7.66
2023-04-10,0.37,2.84,7.916,7.638
2023-04-11,0.367,2.855,7.895,7.616
2023-04-12,0.364,2.87,7.873,7.595
2023-04-13,0.36,2.885,7.852,7.573
2023-04-14,0.357,2.9,7.83,7.552
2023-04-15,0.354,2.916,7.808,7.53
2023-04-16,0.351,2.931,7.787,7.509
2023-04-17,0.347,2.946,7.765,7.487
2023-04-18,0.344,2.961,7.744,7.466
2023-04-19,0.341,2.976,7.722,7.444
2023-04-20,0.337,2.991,7.701,7.422
2023-04-21,0.334,3.006,7.679,7.401
2023-04-22,0.331,3.021,7.658,7.379
2023-04-23,0.327,3.036,7.636,7.358
2023-04-24,0.324,3.052,7.615,7.336
2023-04-25,0.321,3.067,7.593,7.315
2023-04-26,0.318,3.082,7.572,7.293
2023-04-27,0.314,3.097,7.55,7.272
2023-04-28,0.311,3.112,7.528,7.25
2023-04-29,0.308,3.127,7.507,7.228
2023-04-30,0.304,3.142,7.485,7.207
2023-05-01,0.301,3.157,7.464,7.185
2023-05-02,0.298,3.173,7.442,7.164
2023-05-03,0.295,3.188,7.421,7.142
2023-05-04,0.291,3.203,7.399,7.121
2023-05-05,0.288,3.218,7.378,7.099
2023-05-06,0.285,3.233,7.356,7.077
2023-05-07,0.281,3.248,7.335,7.056
2023-05-08,0.278,3.263,7.313,7.034
2023-05-09,0.275,3.278,7.292,7.013
2023-05-10,0.271,3.294,7.27,6.991
2023-05-11,0.268,3.309,7.248,6.97
2023-05-12,0.265,3.324,7.227,6.948
2023-05-13,0.262,3.339,7.205,6.927
2023-05-14,0.258,3.354,7.184,6.905
2023-05-15,0.255,3.369,7.162,6.883
2023-05-16,0.252,3.384,7.141,6.862
2023-05-17,0.248,3.399,7.119,6.84
2023-05-18,0.245,3.415,7.098,6.819
2023-05-19,0.242,3.43,7.076,6.797
2023-05-20,0.238,3.445,7.055,6.776
2023-05-21,0.235,3.46,7.033,6.754
2023-05-22,0.232,3.475,7.012,6.732
2023-05-23,0.229,3.49,6.99,6.711
2023-05-24,0.225,3.505,6.968,6.689
2023-05-25,0.222,3.52,6.947,6.668
2023-05-26,0.219,3.536,6.925,6.646
2023-05-27,0.215,3.551,6.904,6.625
2023-05-28,0.212,3.566,6.882,6.603
2023-05-29,0.209,3.581,6.861,6.582
2023-05-30,0.205,3.596,6.839,6.56
2023-05-31,0.202,3.611,6.818,6.538
2023-06-01,0.199,3.626,6.796,6.517
2023-06-02,0.196,3.641,6.775,6.495
2023-06-03,0.192,3.657,6.753,6.474
2023-06-04,0.189,3.672,6.732,6.452
2023-06-05,0.186,3.687,6.71,6.431
2023-06-06,0.182,3.702,6.688,6.409
2023-06-07,0.179,3.717,6.667,6.387
2023-06-08,0.176,3.732,6.645,6.366
2023-06-09,0.173,3.747,6.624,6.344
2023-06-10,0.169,3.762,6.602,6.323
2023-06-11,0.166,3.778,6.581,6.301
2023-06-12,0.163,3.793,6.559,6.28
2023-06-13,0.159,3.808,6.538,6.258
2023-06-14,0.156,3.823,6.516,6.237
2023-06-15,0.153,3.838,6.495,6.215
2023-06-16,0.149,3.853,6.473,6.193
2023-06-17,0.146,3.868,6.452,6.172
2023-06-18,0.143,3.883,6.43,6.15
2023-06-19,0.14,3.899,6.408,6.129
2023-06-20,0.136,3.914,6.387,6.107
2023-06-21,0.133,3.929,6.365,6.086
2023-06-22,0.13,3.944,6.344,6.064
2023-06-23,0.126,3.959,6.322,6.042
2023-06-24,0.123,3.974,6.301,6.021
2023-06-25,0.12,3.989,6.279,5.999
2023-06-26,0.116,4.004,6.258,5.978
2023-06-27,0.113,4.02,6.236,5.956
2023-06-28,0.11,4.035,6.215,5.935
2023-06-29,0.107,4.05,6.193,5.913
2023-06-30,0.103,4.065,6.172,5.892
2023-07-01,0.1,4.08,6.15,5.87
2023-07-02,0.103,4.081,6.123,5.877
2023-07-03,0.107,4.081,6.095,5.884
2023-07-04,0.11,4.082,6.068,5.891
2023-07-05,0.113,4.083,6.04,5.898
2023-07-06,0.116,4.084,6.013,5.905
2023-07-07,0.12,4.084,5.986,5.912
2023-07-08,0.123,4.085,5.958,5.919
2023-07-09,0.126,4.086,5.931,5.926
2023-07-10,0.129,4.086,5.903,5.933
2023-07-11,0.133,4.087,5.876,5.94
2023-07-12,0.136,4.088,5.849,5.947
2023-07-13,0.139,4.089,5.821,5.954
2023-07-14,0.142,4.089,5.794,5.961
2023-07-15,0.146,4.09,5.767,5.968
2023-07-16,0.149,4.091,5.739,5.975
2023-07-17,0.152,4.091,5.712,5.982
2023-07-18,0.155,4.092,5.684,5.989
2023-07-19,0.159,4.093,5.657,5.996
2023-07-20,0.162,4.093,5.63,6.003
2023-07-21,0.165,4.094,5.602,6.01
2023-07-22,0.168,4.095,5.575,6.017
2023-07-23,0.172,4.096,5.547,6.024
2023-07-24,0.175,4.096,5.52,6.032
2023-07-25,0.178,4.097,5.493,6.039
2023-07-26,0.182,4.098,5.465,6.046
2023-07-27,0.185,4.098,5.438,6.053
2023-07-28,0.188,4.099,5.41,6.06
2023-07-29,0.191,4.1,5.383,6.067
2023-07-30,0.195,4.101,5.356,6.074
2023-07-31,0.198,4.101,5.328,6.081
2023-08-01,0.201,4.102,5.301,6.088
2023-08-02,0.204,4.103,5.273,6.095
2023-08-03,0.208,4.103,5.246,6.102
2023-08-04,0.211,4.104,5.219,6.109
2023-08-05,0.214,4.105,5.191,6.116
2023-08-06,0.217,4.106,5.164,6.123
2023-08-07,0.221,4.106,5.137,6.13
2023-08-08,0.224,4.107,5.109,6.137
2023-08-09,0.227,4.108,5.082,6.144
2023-08-10,0.23,4.108,5.054,6.151
2023-08-11,0.234,4.109,5.027,6.158
2023-08-12,0.237,4.11,5.0,6.165
2023-08-13,0.24,4.111,4.972,6.172
2023-08-14,0.243,4.111,4.945,6.179
2023-08-15,0.247,4.112,4.917,6.186
2023-08-16,0.25,4.113,4.89,6.193
2023-08-17,0.253,4.113,4.863,6.2
2023-08-18,0.257,4.114,4.835,6.207
2023-08-19,0.26,4.115,4.808,6.214
2023-08-20,0.263,4.116,4.78,6.221
2023-08-21,0.266,4.116,4.753,6.228
2023-08-22,0.27,4.117,4.726,6.235
2023-08-23,0.273,4.118,4.698,6.242
2023-08-24,0.276,4.118,4.671,6.249
2023-08-25,0.279,4.119,4.643,6.256
2023-08-26,0.283,4.12,4.616,6.263
2023-08-27,0.286,4.12,4.589,6.27
2023-08-28,0.289,4.121,4.561,6.277
2023-08-29,0.292,4.122,4.534,6.284
2023-08-30,0.296,4.123,4.507,6.291
2023-08-31,0.299,4.123,4.479,6.298
2023-09-01,0.302,4.124,4.452,6.305
2023-09-02,0.305,4.125,4.424,6.312
2023-09-03,0.309,4.125,4.397,6.319
2023-09-04,0.312,4.126,4.37,6.326
2023-09-05,0.315,4.127,4.342,6.333
2023-09-06,0.318,4.128,4.315,6.34
2023-09-07,0.322,4.128,4.287,6.347
2023-09-08,0.325,4.129,4.26,6.355
2023-09-09,0.328,4.13,4.233,6.362
2023-09-10,0.332,4.13,4.205,6.369
2023-09-11,0.335,4.131,4.178,6.376
2023-09-12,0.338,4.132,4.15,6.383
2023-09-13,0.341,4.133,4.123,6.39
2023-09-14,0.345,4.133,4.096,6.397
2023-09-15,0.348,4.134,4.068,6.404
2023-09-16,0.351,4.135,4.041,6.411
2023-09-17,0.354,4.135,4.013,6.418
2023-09-18,0.358,4.136,3.986,6.425
2023-09-19,0.361,4.137,3.959,6.432
2023-09-20,0.364,4.138,3.931,6.439
2023-09-21,0.367,4.138,3.904,6.446
2023-09-22,0.371,4.139,3.877,6.453
2023-09-23,0.374,4.14,3.849,6.46
2023-09-24,0.377,4.14,3.822,6.467
2023-09-25,0.38,4.141,3.794,6.474
2023-09-26,0.384,4.142,3.767,6.481
2023-09-27,0.387,4.143,3.74,6.488
2023-09-28,0.39,4.143,3.712,6.495
2023-09-29,0.393,4.144,3.685,6.502
2023-09-30,0.397,4.145,3.657,6.509
2023-10-01,0.4,4.145,3.63,6.516
2023-10-02,0.402,4.146,3.624,6.523
2023-10-03,0.404,4.147,3.618,6.53
2023-10-04,0.407,4.147,3.612,6.537
2023-10-05,0.409,4.148,3.607,6.544
2023-10-06,0.411,4.149,3.601,6.551
2023-10-07,0.413,4.15,3.595,6.558
2023-10-08,0.415,4.15,3.589,6.565
2023-10-09,0.417,4.151,3.583,6.572
2023-10-10,0.42,4.152,3.577,6.579
2023-10-11,0.422,4.152,3.571,6.586
2023-10-12,0.424,4.153,3.565,6.593
2023-10-13,0.426,4.154,3.56,6.6
2023-10-14,0.428,4.155,3.554,6.607
2023-10-15,0.43,4.155,3.548,6.614
2023-10-16,0.433,4.156,3.542,6.621
2023-10-17,0.435,4.157,3.536,6.628
2023-10-18,0.437,4.157,3.53,6.635
2023-10-19,0.439,4.158,3.524,6.642
2023-10-20,0.441,4.159,3.518,6.649
2023-10-21,0.443,4.16,3.513,6.656
2023-10-22,0.446,4.16,3.507,6.663
2023-10-23,0.448,4.161,3.501,6.67
2023-10-24,0.45,4.162,3.495,6.678
2023-10-25,0.452,4.162,3.489,6.685
2023-10-26,0.454,4.163,3.483,6.692
2023-10-27,0.457,4.164,3.477,6.699
2023-10-28,0.459,4.165,3.472,6.706
2023-10-29,0.461,4.165,3.466,6.713
2023-10-30,0.463,4.166,3.46,6.72
2023-10-31,0.465,4.167,3.454,6.727
2023-11-01,0.467,4.167,3.448,6.734
2023-11-02,0.47,4.168,3.442,6.741
2023-11-03,0.472,4.169,3.436,6.748
2023-11-04,0.474,4.17,3.43,6.755
2023-11-05,0.476,4.17,3.425,6.762
2023-11-06,0.478,4.171,3.419,6.769
2023-11-07,0.48,4.172,3.413,6.776
2023-11-08,0.483,4.172,3.407,6.783
2023-11-09,0.485,4.173,3.401,6.79
2023-11-10,0.487,4.174,3.395,6.797
2023-11-11,0.489,4.174,3.389,6.804
2023-11-12,0.491,4.175,3.383,6.811
2023-11-13,0.493,4.176,3.378,6.818
2023-11-14,0.496,4.177,3.372,6.825
2023-11-15,0.498,4.177,3.366,6.832
2023-11-16,0.5,4.178,3.36,6.839
2023-11-17,0.502,4.179,3.354,6.846
2023-11-18,0.504,4.179,3.348,6.853
2023-11-19,0.507,4.18,3.342,6.86
2023-11-20,0.509,4.181,3.337,6.867
2023-11-21,0.511,4.182,3.331,6.874
2023-11-22,0.513,4.182,3.325,6.881
2023-11-23,0.515,4.183,3.319,6.888
2023-11-24,0.517,4.184,3.313,6.895
2023-11-25,0.52,4.184,3.307,6.902
2023-11-26,0.522,4.185,3.301,6.909
2023-11-27,0.524,4.186,3.295,6.916
2023-11-28,0.526,4.187,3.29,6.923
2023-11-29,0.528,4.187,3.284,6.93
2023-11-30,0.53,4.188,3.278,6.937
2023-12-01,0.533,4.189,3.272,6.944
2023-12-02,0.535,4.189,3.266,6.951
2023-12-03,0.537,4.19,3.26,6.958
2023-12-04,0.539,4.191,3.254,6.965
2023-12-05,0.541,4.192,3.248,6.972
2023-12-06,0.543,4.192,3.243,6.979
2023-12-07,0.546,4.193,3.237,6.986
2023-12-08,0.548,4.194,3.231,6.993
2023-12-09,0.55,4.194,3.225,7.001
2023-12-10,0.552,4.195,3.219,7.008
2023-12-11,0.554,4.196,3.213,7.015
2023-12-12,0.557,4.197,3.207,7.022
2023-12-13,0.559,4.197,3.202,7.029
2023-12-14,0.561,4.198,3.196,7.036
2023-12-15,0.563,4.199,3.19,7.043
2023-12-16,0.565,4.199,3.184,7.05
2023-12-17,0.567,4.2,3.178,7.057
2023-12-18,0.57,4.201,3.172,7.064
2023-12-19,0.572,4.201,3.166,7.071
2023-12-20,0.574,4.202,3.16,7.078
2023-12-21,0.576,4.203,3.155,7.085
2023-12-22,0.578,4.204,3.149,7.092
2023-12-23,0.58,4.204,3.143,7.099
2023-12-24,0.583,4.205,3.137,7.106
2023-12-25,0.585,4.206,3.131,7.113
2023-12-26,0.587,4.206,3.125,7.12
2023-12-27,0.589,4.207,3.119,7.127
2023-12-28,0.591,4.208,3.113,7.134
2023-12-29,0.593,4.209,3.108,7.141
2023-12-30,0.596,4.209,3.102,7.148
2023-12-31,0.598,4.21,3.096,7.155
2024-01-01,0.6,4.211,3.09,7.162
2024-01-02,0.602,4.211,3.084,7.169
2024-01-03,0.604,4.212,3.079,7.176
2024-01-04,0.607,4.213,3.073,7.183
2024-01-05,0.609,4.214,3.067,7.19
2024-01-06,0.611,4.214,3.061,7.197
2024-01-07,0.613,4.215,3.056,7.204
2024-01-08,0.615,4.216,3.05,7.211
2024-01-09,0.618,4.216,3.044,7.218
2024-01-10,0.62,4.217,3.039,7.225
2024-01-11,0.622,4.218,3.033,7.232
2024-01-12,0.624,4.219,3.027,7.239
2024-01-13,0.626,4.219,3.021,7.246
2024-01-14,0.629,4.22,3.016,7.253
2024-01-15,0.631,4.221,3.01,7.26
2024-01-16,0.633,4.221,3.004,7.267
2024-01-17,0.635,4.222,2.999,7.274
2024-01-18,0.637,4.223,2.993,7.281
2024-01-19,0.64,4.223,2.987,7.288
2024-01-20,0.642,4.224,2.981,7.295
2024-01-21,0.644,4.225,2.976,7.302
2024-01-22,0.646,4.226,2.97,7.309
2024-01-23,0.648,4.226,2.964,7.317
2024-01-24,0.651,4.227,2.959,7.324
2024-01-25,0.653,4.228,2.953,7.331
2024-01-26,0.655,4.228,2.947,7.338
2024-01-27,0.657,4.229,2.941,7.345
2024-01-28,0.659,4.23,2.936,7.352
2024-01-29,0.662,4.231,2.93,7.359
2024-01-30,0.664,4.231,2.924,7.366
2024-01-31,0.666,4.232,2.919,7.373
2024-02-01,0.668,4.233,2.913,7.38
2024-02-02,0.67,4.233,2.907,7.387
2024-02-03,0.673,4.234,2.901,7.394
2024-02-04,0.675,4.235,2.896,7.401
2024-02-05,0.677,4.236,2.89,7.408
2024-02-06,0.679,4.236,2.884,7.415
2024-02-07,0.681,4.237,2.879,7.422
2024-02-08,0.684,4.238,2.873,7.429
2024-02-09,0.686,4.238,2.867,7.436
2024-02-10,0.688,4.239,2.861,7.443
2024-02-11,0.69,4.24,2.856,7.45
2024-02-12,0.692,4.241,2.85,7.457
2024-02-13,0.695,4.241,2.844,7.464
2024-02-14,0.697,4.242,2.839,7.471
2024-02-15,0.699,4.243,2.833,7.478
2024-02-16,0.701,4.243,2.827,7.485
2024-02-17,0.703,4.244,2.821,7.492
2024-02-18,0.705,4.245,2.816,7.499
2024-02-19,0.708,4.246,2.81,7.506
2024-02-20,0.71,4.246,2.804,7.513
2024-02-21,0.712,4.247,2.799,7.52
2024-02-22,0.714,4.248,2.793,7.527
2024-02-23,0.716,4.248,2.787,7.534
2024-02-24,0.719,4.249,2.781,7.541
2024-02-25,0.721,4.25,2.776,7.548
2024-02-26,0.723,4.25,2.77,7.555
2024-02-27,0.725,4.251,2.764,7.562
2024-02-28,0.727,4.252,2.759,7.569
2024-02-29,0.73,4.253,2.753,7.576
2024-03-01,0.732,4.253,2.747,7.583
2024-03-02,0.734,4.254,2.741,7.59
2024-03-03,0.736,4.255,2.736,7.597
2024-03-04,0.738,4.255,2.73,7.604
2024-03-05,0.741,4.256,2.724,7.611
2024-03-06,0.743,4.257,2.719,7.618
2024-03-07,0.745,4.258,2.713,7.625
2024-03-08,0.747,4.258,2.707,7.632
2024-03-09,0.749,4.259,2.701,7.64
2024-03-10,0.752,4.26,2.696,7.647
2024-03-11,0.754,4.26,2.69,7.654
2024-03-12,0.756,4.261,2.684,7.661
2024-03-13,0.758,4.262,2.679,7.668
2024-03-14,0.76,4.263,2.673,7.675
2024-03-15,0.763,4.263,2.667,7.682
2024-03-16,0.765,4.264,2.661,7.689
2024-03-17,0.767,4.265,2.656,7.696
2024-03-18,0.769,4.265,2.65,7.703
2024-03-19,0.771,4.266,2.644,7.71
2024-03-20,0.774,4.267,2.639,7.717
2024-03-21,0.776,4.268,2.633,7.724
2024-03-22,0.778,4.268,2.627,7.731
2024-03-23,0.78,4.269,2.621,7.738
2024-03-24,0.782,4.27,2.616,7.745
2024-03-25,0.785,4.27,2.61,7.752
2024-03-26,0.787,4.271,2.604,7.759
2024-03-27,0.789,4.272,2.599,7.766
2024-03-28,0.791,4.273,2.593,7.773
2024-03-29,0.793,4.273,2.587,7.78
2024-03-30,0.796,4.274,2.581,7.787
2024-03-31,0.798,4.275,2.576,7.794
2024-04-01,0.8,4.275,2.57,7.801
2024-04-02,0.803,4.276,2.573,7.808
2024-04-03,0.807,4.277,2.575,7.815
2024-04-04,0.81,4.277,2.578,7.822
2024-04-05,0.813,4.278,2.58,7.829
2024-04-06,0.816,4.279,2.583,7.836
2024-04-07,0.82,4.28,2.585,7.843
2024-04-08,0.823,4.28,2.588,7.85
2024-04-09,0.826,4.281,2.59,7.857
2024-04-10,0.83,4.282,2.593,7.864
2024-04-11,0.833,4.282,2.595,7.871
2024-04-12,0.836,4.283,2.598,7.878
2024-04-13,0.84,4.284,2.6,7.885
2024-04-14,0.843,4.285,2.603,7.892
2024-04-15,0.846,4.285,2.605,7.899
2024-04-16,0.849,4.286,2.608,7.906
2024-04-17,0.853,4.287,2.61,7.913
2024-04-18,0.856,4.287,2.613,7.92
2024-04-19,0.859,4.288,2.615,7.927
2024-04-20,0.863,4.289,2.618,7.934
2024-04-21,0.866,4.29,2.621,7.941
2024-04-22,0.869,4.29,2.623,7.948
2024-04-23,0.873,4.291,2.626,7.955
2024-04-24,0.876,4.292,2.628,7.963
2024-04-25,0.879,4.292,2.631,7.97
2024-04-26,0.882,4.293,2.633,7.977
2024-04-27,0.886,4.294,2.636,7.984
2024-04-28,0.889,4.295,2.638,7.991
2024-04-29,0.892,4.295,2.641,7.998
2024-04-30,0.896,4.296,2.643,8.005
2024-05-01,0.899,4.297,2.646,8.012
2024-05-02,0.902,4.297,2.648,8.019
2024-05-03,0.905,4.298,2.651,8.026
2024-05-04,0.909,4.299,2.653,8.033
2024-05-05,0.912,4.3,2.656,8.04
2024-05-06,0.915,4.3,2.658,8.047
2024-05-07,0.919,4.301,2.661,8.054
2024-05-08,0.922,4.302,2.664,8.061
2024-05-09,0.925,4.302,2.666,8.068
2024-05-10,0.929,4.303,2.669,8.075
2024-05-11,0.932,4.304,2.671,8.082
2024-05-12,0.935,4.304,2.674,8.089
2024-05-13,0.938,4.305,2.676,8.096
2024-05-14,0.942,4.306,2.679,8.103
2024-05-15,0.945,4.307,2.681,8.11
2024-05-16,0.948,4.307,2.684,8.117
2024-05-17,0.952,4.308,2.686,8.124
2024-05-18,0.955,4.309,2.689,8.131
2024-05-19,0.958,4.309,2.691,8.138
2024-05-20,0.962,4.31,2.694,8.145
2024-05-21,0.965,4.311,2.696,8.152
2024-05-22,0.968,4.312,2.699,8.159
2024-05-23,0.971,4.312,2.701,8.166
2024-05-24,0.975,4.313,2.704,8.173
2024-05-25,0.978,4.314,2.706,8.18
2024-05-26,0.981,4.314,2.709,8.187
2024-05-27,0.985,4.315,2.712,8.194
2024-05-28,0.988,4.316,2.714,8.201
2024-05-29,0.991,4.317,2.717,8.208
2024-05-30,0.995,4.317,2.719,8.215
2024-05-31,0.998,4.318,2.722,8.222
2024-06-01,1.001,4.319,2.724,8.229
2024-06-02,1.004,4.319,2.727,8.236
2024-06-03,1.008,4.32,2.729,8.243
2024-06-04,1.011,4.321,2.732,8.25
2024-06-05,1.014,4.322,2.734,8.257
2024-06-06,1.018,4.322,2.737,8.264
2024-06-07,1.021,4.323,2.739,8.271
2024-06-08,1.024,4.324,2.742,8.278
2024-06-09,1.027,4.324,2.744,8.286
2024-06-10,1.031,4.325,2.747,8.293
2024-06-11,1.034,4.326,2.749,8.3
2024-06-12,1.037,4.327,2.752,8.307
2024-06-13,1.041,4.327,2.755,8.314
2024-06-14,1.044,4.328,2.757,8.321
2024-06-15,1.047,4.329,2.76,8.328
2024-06-16,1.051,4.329,2.762,8.335
2024-06-17,1.054,4.33,2.765,8.342
2024-06-18,1.057,4.331,2.767,8.349
2024-06-19,1.06,4.331,2.77,8.356
2024-06-20,1.064,4.332,2.772,8.363
2024-06-21,1.067,4.333,2.775,8.37
2024-06-22,1.07,4.334,2.777,8.377
2024-06-23,1.074,4.334,2.78,8.384
2024-06-24,1.077,4.335,2.782,8.391
2024-06-25,1.08,4.336,2.785,8.398
2024-06-26,1.084,4.336,2.787,8.405
2024-06-27,1.087,4.337,2.79,8.412
2024-06-28,1.09,4.338,2.792,8.419
2024-06-29,1.093,4.339,2.795,8.426
2024-06-30,1.097,4.339,2.797,8.433
2024-07-01,1.1,4.34,2.8,8.44
2024-07-02,1.104,4.338,2.795,8.442
2024-07-03,1.109,4.335,2.79,8.443
2024-07-04,1.113,4.333,2.784,8.445
2024-07-05,1.117,4.331,2.779,8.446
2024-07-06,1.122,4.328,2.774,8.448
2024-07-07,1.126,4.326,2.769,8.449
2024-07-08,1.13,4.324,2.763,8.451
2024-07-09,1.135,4.322,2.758,8.452
2024-07-10,1.139,4.319,2.753,8.454
2024-07-11,1.143,4.317,2.748,8.455
2024-07-12,1.148,4.315,2.743,8.457
2024-07-13,1.152,4.312,2.737,8.458
2024-07-14,1.157,4.31,2.732,8.46
2024-07-15,1.161,4.308,2.727,8.461
2024-07-16,1.165,4.305,2.722,8.463
2024-07-17,1.17,4.303,2.717,8.465
2024-07-18,1.174,4.301,2.711,8.466
2024-07-19,1.178,4.299,2.706,8.468
2024-07-20,1.183,4.296,2.701,8.469
2024-07-21,1.187,4.294,2.696,8.471
2024-07-22,1.191,4.292,2.69,8.472
2024-07-23,1.196,4.289,2.685,8.474
2024-07-24,1.2,4.287,2.68,8.475
2024-07-25,1.204,4.285,2.675,8.477
2024-07-26,1.209,4.282,2.67,8.478
2024-07-27,1.213,4.28,2.664,8.48
2024-07-28,1.217,4.278,2.659,8.481
2024-07-29,1.222,4.276,2.654,8.483
2024-07-30,1.226,4.273,2.649,8.484
2024-07-31,1.23,4.271,2.643,8.486
2024-08-01,1.235,4.269,2.638,8.488
2024-08-02,1.239,4.266,2.633,8.489
2024-08-03,1.243,4.264,2.628,8.491
2024-08-04,1.248,4.262,2.623,8.492
2024-08-05,1.252,4.259,2.617,8.494
2024-08-06,1.257,4.257,2.612,8.495
2024-08-07,1.261,4.255,2.607,8.497
2024-08-08,1.265,4.253,2.602,8.498
2024-08-09,1.27,4.25,2.597,8.5
2024-08-10,1.274,4.248,2.591,8.501
2024-08-11,1.278,4.246,2.586,8.503
2024-08-12,1.283,4.243,2.581,8.504
2024-08-13,1.287,4.241,2.576,8.506
2024-08-14,1.291,4.239,2.57,8.508
2024-08-15,1.296,4.236,2.565,8.509
2024-08-16,1.3,4.234,2.56,8.511
2024-08-17,1.304,4.232,2.555,8.512
2024-08-18,1.309,4.23,2.55,8.514
2024-08-19,1.313,4.227,2.544,8.515
2024-08-20,1.317,4.225,2.539,8.517
2024-08-21,1.322,4.223,2.534,8.518
2024-08-22,1.326,4.22,2.529,8.52
2024-08-23,1.33,4.218,2.523,8.521
2024-08-24,1.335,4.216,2.518,8.523
2024-08-25,1.339,4.213,2.513,8.524
2024-08-26,1.343,4.211,2.508,8.526
2024-08-27,1.348,4.209,2.503,8.527
2024-08-28,1.352,4.207,2.497,8.529
2024-08-29,1.357,4.204,2.492,8.531
2024-08-30,1.361,4.202,2.487,8.532
2024-08-31,1.365,4.2,2.482,8.534
2024-09-01,1.37,4.197,2.477,8.535
2024-09-02,1.374,4.195,2.471,8.537
2024-09-03,1.378,4.193,2.466,8.538
2024-09-04,1.383,4.19,2.461,8.54
2024-09-05,1.387,4.188,2.456,8.541
2024-09-06,1.391,4.186,2.45,8.543
2024-09-07,1.396,4.184,2.445,8.544
2024-09-08,1.4,4.181,2.44,8.546
2024-09-09,1.404,4.179,2.435,8.547
2024-09-10,1.409,4.177,2.43,8.549
2024-09-11,1.413,4.174,2.424,8.55
2024-09-12,1.417,4.172,2.419,8.552
2024-09-13,1.422,4.17,2.414,8.554
2024-09-14,1.426,4.167,2.409,8.555
2024-09-15,1.43,4.165,2.403,8.557
2024-09-16,1.435,4.163,2.398,8.558
2024-09-17,1.439,4.16,2.393,8.56
2024-09-18,1.443,4.158,2.388,8.561
2024-09-19,1.448,4.156,2.383,8.563
2024-09-20,1.452,4.154,2.377,8.564
2024-09-21,1.457,4.151,2.372,8.566
2024-09-22,1.461,4.149,2.367,8.567
2024-09-23,1.465,4.147,2.362,8.569
2024-09-24,1.47,4.144,2.357,8.57
2024-09-25,1.474,4.142,2.351,8.572
2024-09-26,1.478,4.14,2.346,8.573
2024-09-27,1.483,4.137,2.341,8.575
2024-09-28,1.487,4.135,2.336,8.577
2024-09-29,1.491,4.133,2.33,8.578
2024-09-30,1.496,4.131,2.325,8.58
2024-10-01,1.5,4.128,2.32,8.581
2024-10-02,1.502,4.126,2.325,8.583
2024-10-03,1.504,4.124,2.331,8.584
2024-10-04,1.507,4.121,2.336,8.586
2024-10-05,1.509,4.119,2.341,8.587
2024-10-06,1.511,4.117,2.347,8.589
2024-10-07,1.513,4.114,2.352,8.59
2024-10-08,1.515,4.112,2.357,8.592
2024-10-09,1.517,4.11,2.363,8.593
2024-10-10,1.52,4.108,2.368,8.595
2024-10-11,1.522,4.105,2.373,8.596
2024-10-12,1.524,4.103,2.379,8.598
2024-10-13,1.526,4.101,2.384,8.6
2024-10-14,1.528,4.098,2.389,8.601
2024-10-15,1.53,4.096,2.395,8.603
2024-10-16,1.533,4.094,2.4,8.604
2024-10-17,1.535,4.091,2.405,8.606
2024-10-18,1.537,4.089,2.411,8.607
2024-10-19,1.539,4.087,2.416,8.609
2024-10-20,1.541,4.085,2.421,8.61
2024-10-21,1.543,4.082,2.427,8.612
2024-10-22,1.546,4.08,2.432,8.613
2024-10-23,1.548,4.078,2.437,8.615
2024-10-24,1.55,4.075,2.442,8.616
2024-10-25,1.552,4.073,2.448,8.618
2024-10-26,1.554,4.071,2.453,8.62
2024-10-27,1.557,4.068,2.458,8.621
2024-10-28,1.559,4.066,2.464,8.623
2024-10-29,1.561,4.064,2.469,8.624
2024-10-30,1.563,4.062,2.474,8.626
2024-10-31,1.565,4.059,2.48,8.627
2024-11-01,1.567,4.057,2.485,8.629
2024-11-02,1.57,4.055,2.49,8.63
2024-11-03,1.572,4.052,2.496,8.632
2024-11-04,1.574,4.05,2.501,8.633
2024-11-05,1.576,4.048,2.506,8.635
2024-11-06,1.578,4.045,2.512,8.636
2024-11-07,1.58,4.043,2.517,8.638
2024-11-08,1.583,4.041,2.522,8.639
2024-11-09,1.585,4.039,2.528,8.641
2024-11-10,1.587,4.036,2.533,8.643
2024-11-11,1.589,4.034,2.538,8.644
2024-11-12,1.591,4.032,2.544,8.646
2024-11-13,1.593,4.029,2.549,8.647
2024-11-14,1.596,4.027,2.554,8.649
2024-11-15,1.598,4.025,2.56,8.65
2024-11-16,1.6,4.022,2.565,8.652
2024-11-17,1.602,4.02,2.57,8.653
2024-11-18,1.604,4.018,2.576,8.655
2024-11-19,1.607,4.016,2.581,8.656
2024-11-20,1.609,4.013,2.586,8.658
2024-11-21,1.611,4.011,2.592,8.659
2024-11-22,1.613,4.009,2.597,8.661
2024-11-23,1.615,4.006,2.602,8.662
2024-11-24,1.617,4.004,2.608,8.664
2024-11-25,1.62,4.002,2.613,8.666
2024-11-26,1.622,3.999,2.618,8.667
2024-11-27,1.624,3.997,2.624,8.669
2024-11-28,1.626,3.995,2.629,8.67
2024-11-29,1.628,3.992,2.634,8.672
2024-11-30,1.63,3.99,2.64,8.673
2024-12-01,1.633,3.988,2.645,8.675
2024-12-02,1.635,3.986,2.65,8.676
2024-12-03,1.637,3.983,2.656,8.678
2024-12-04,1.639,3.981,2.661,8.679
2024-12-05,1.641,3.979,2.666,8.681
2024-12-06,1.643,3.976,2.672,8.682
2024-12-07,1.646,3.974,2.677,8.684
2024-12-08,1.648,3.972,2.682,8.685
2024-12-09,1.65,3.969,2.688,8.687
2024-12-10,1.652,3.967,2.693,8.689
2024-12-11,1.654,3.965,2.698,8.69
2024-12-12,1.657,3.963,2.703,8.692
2024-12-13,1.659,3.96,2.709,8.693
2024-12-14,1.661,3.958,2.714,8.695
2024-12-15,1.663,3.956,2.719,8.696
2024-12-16,1.665,3.953,2.725,8.698
2024-12-17,1.667,3.951,2.73,8.699
2024-12-18,1.67,3.949,2.735,8.701
2024-12-19,1.672,3.946,2.741,8.702
2024-12-20,1.674,3.944,2.746,8.704
2024-12-21,1.676,3.942,2.751,8.705
2024-12-22,1.678,3.94,2.757,8.707
2024-12-23,1.68,3.937,2.762,8.708
2024-12-24,1.683,3.935,2.767,8.71
2024-12-25,1.685,3.933,2.773,8.712
2024-12-26,1.687,3.93,2.778,8.713
2024-12-27,1.689,3.928,2.783,8.715
2024-12-28,1.691,3.926,2.789,8.716
2024-12-29,1.693,3.923,2.794,8.718
2024-12-30,1.696,3.921,2.799,8.719
2024-12-31,1.698,3.919,2.805,8.721
2025-01-01,1.7,3.917,2.81,8.722
2025-01-02,1.7,3.914,2.806,8.724
2025-01-03,1.7,3.912,2.801,8.725
2025-01-04,1.7,3.91,2.797,8.727
2025-01-05,1.7,3.907,2.792,8.728
2025-01-06,1.7,3.905,2.788,8.73
2025-01-07,1.7,3.903,2.783,8.732
2025-01-08,1.7,3.9,2.779,8.733
2025-01-09,1.7,3.898,2.774,8.735
2025-01-10,1.7,3.896,2.77,8.736
2025-01-11,1.7,3.894,2.766,8.738
2025-01-12,1.7,3.891,2.761,8.739
2025-01-13,1.7,3.889,2.757,8.741
2025-01-14,1.7,3.887,2.752,8.742
2025-01-15,1.7,3.884,2.748,8.744
2025-01-16,1.7,3.882,2.743,8.745
2025-01-17,1.7,3.88,2.739,8.747
2025-01-18,1.7,3.877,2.734,8.748
2025-01-19,1.7,3.875,2.73,8.75
2025-01-20,1.7,3.873,2.726,8.751
2025-01-21,1.7,3.871,2.721,8.753
2025-01-22,1.7,3.868,2.717,8.755
2025-01-23,1.7,3.866,2.712,8.756
2025-01-24,1.7,3.864,2.708,8.758
2025-01-25,1.7,3.861,2.703,8.759
2025-01-26,1.7,3.859,2.699,8.761
2025-01-27,1.7,3.857,2.694,8.762
2025-01-28,1.7,3.854,2.69,8.764
2025-01-29,1.7,3.852,2.686,8.765
2025-01-30,1.7,3.85,2.681,8.767
2025-01-31,1.7,3.848,2.677,8.768
2025-02-01,1.7,3.845,2.672,8.77
2025-02-02,1.7,3.843,2.668,8.771
2025-02-03,1.7,3.841,2.663,8.773
2025-02-04,1.7,3.838,2.659,8.774
2025-02-05,1.7,3.836,2.654,8.776
2025-02-06,1.7,3.834,2.65,8.778
2025-02-07,1.7,3.831,2.646,8.779
2025-02-08,1.7,3.829,2.641,8.781
2025-02-09,1.7,3.827,2.637,8.782
2025-02-10,1.7,3.824,2.632,8.784
2025-02-11,1.7,3.822,2.628,8.785
2025-02-12,1.7,3.82,2.623,8.787
2025-02-13,1.7,3.818,2.619,8.788
2025-02-14,1.7,3.815,2.614,8.79
2025-02-15,1.7,3.813,2.61,8.791
2025-02-16,1.7,3.811,2.606,8.793
2025-02-17,1.7,3.808,2.601,8.794
2025-02-18,1.7,3.806,2.597,8.796
2025-02-19,1.7,3.804,2.592,8.797
2025-02-20,1.7,3.801,2.588,8.799
2025-02-21,1.7,3.799,2.583,8.801
2025-02-22,1.7,3.797,2.579,8.802
2025-02-23,1.7,3.795,2.574,8.804
2025-02-24,1.7,3.792,2.57,8.805
2025-02-25,1.7,3.79,2.566,8.807
2025-02-26,1.7,3.788,2.561,8.808
2025-02-27,1.7,3.785,2.557,8.81
2025-02-28,1.7,3.783,2.552,8.811
2025-03-01,1.7,3.781,2.548,8.813
2025-03-02,1.7,3.778,2.543,8.814
2025-03-03,1.7,3.776,2.539,8.816
2025-03-04,1.7,3.774,2.534,8.817
2025-03-05,1.7,3.772,2.53,8.819
2025-03-06,1.7,3.769,2.526,8.82
2025-03-07,1.7,3.767,2.521,8.822
2025-03-08,1.7,3.765,2.517,8.824
2025-03-09,1.7,3.762,2.512,8.825
2025-03-10,1.7,3.76,2.508,8.827
2025-03-11,1.7,3.758,2.503,8.828
2025-03-12,1.7,3.755,2.499,8.83
2025-03-13,1.7,3.753,2.494,8.831
2025-03-14,1.7,3.751,2.49,8.833
2025-03-15,1.7,3.749,2.486,8.834
2025-03-16,1.7,3.746,2.481,8.836
2025-03-17,1.7,3.744,2.477,8.837
2025-03-18,1.7,3.742,2.472,8.839
2025-03-19,1.7,3.739,2.468,8.84
2025-03-20,1.7,3.737,2.463,8.842
2025-03-21,1.7,3.735,2.459,8.844
2025-03-22,1.7,3.732,2.454,8.845
2025-03-23,1.7,3.73,2.45,8.847
2025-03-24,1.7,3.728,2.446,8.848
2025-03-25,1.7,3.726,2.441,8.85
2025-03-26,1.7,3.723,2.437,8.851
2025-03-27,1.7,3.721,2.432,8.853
2025-03-28,1.7,3.719,2.428,8.854
2025-03-29,1.7,3.716,2.423,8.856
2025-03-30,1.7,3.714,2.419,8.857
2025-03-31,1.7,3.712,2.414,8.859
2025-04-01,1.7,3.709,2.41,8.86
2025-04-02,1.7,3.707,2.409,8.862
2025-04-03,1.7,3.705,2.409,8.863
2025-04-04,1.7,3.703,2.408,8.865
2025-04-05,1.7,3.7,2.408,8.867
2025-04-06,1.7,3.698,2.407,8.868
2025-04-07,1.7,3.696,2.407,8.87
2025-04-08,1.7,3.693,2.406,8.871
2025-04-09,1.7,3.691,2.406,8.873
2025-04-10,1.7,3.689,2.405,8.874
2025-04-11,1.7,3.686,2.405,8.876
2025-04-12,1.7,3.684,2.404,8.877
2025-04-13,1.7,3.682,2.403,8.879
2025-04-14,1.7,3.68,2.403,8.88
2025-04-15,1.7,3.677,2.402,8.882
2025-04-16,1.7,3.675,2.402,8.883
2025-04-17,1.7,3.673,2.401,8.885
2025-04-18,1.7,3.67,2.401,8.886
2025-04-19,1.7,3.668,2.4,8.888
2025-04-20,1.7,3.666,2.4,8.89
2025-04-21,1.7,3.663,2.399,8.891
2025-04-22,1.7,3.661,2.398,8.893
2025-04-23,1.7,3.659,2.398,8.894
2025-04-24,1.7,3.656,2.397,8.896
2025-04-25,1.7,3.654,2.397,8.897
2025-04-26,1.7,3.652,2.396,8.899
2025-04-27,1.7,3.65,2.396,8.9
2025-04-28,1.7,3.647,2.395,8.902
2025-04-29,1.7,3.645,2.395,8.903
2025-04-30,1.7,3.643,2.394,8.905
2025-05-01,1.7,3.64,2.394,8.906
2025-05-02,1.7,3.638,2.393,8.908
2025-05-03,1.7,3.636,2.392,8.909
2025-05-04,1.7,3.633,2.392,8.911
2025-05-05,1.7,3.631,2.391,8.913
2025-05-06,1.7,3.629,2.391,8.914
2025-05-07,1.7,3.627,2.39,8.916
2025-05-08,1.7,3.624,2.39,8.917
2025-05-09,1.7,3.622,2.389,8.919
2025-05-10,1.7,3.62,2.389,8.92
2025-05-11,1.7,3.617,2.388,8.922
2025-05-12,1.7,3.615,2.387,8.923
2025-05-13,1.7,3.613,2.387,8.925
2025-05-14,1.7,3.61,2.386,8.926
2025-05-15,1.7,3.608,2.386,8.928
2025-05-16,1.7,3.606,2.385,8.929
2025-05-17,1.7,3.604,2.385,8.931
2025-05-18,1.7,3.601,2.384,8.932
2025-05-19,1.7,3.599,2.384,8.934
2025-05-20,1.7,3.597,2.383,8.936
2025-05-21,1.7,3.594,2.383,8.937
2025-05-22,1.7,3.592,2.382,8.939
2025-05-23,1.7,3.59,2.381,8.94
2025-05-24,1.7,3.587,2.381,8.942
2025-05-25,1.7,3.585,2.38,8.943
2025-05-26,1.7,3.583,2.38,8.945
2025-05-27,1.7,3.581,2.379,8.946
2025-05-28,1.7,3.578,2.379,8.948
2025-05-29,1.7,3.576,2.378,8.949
2025-05-30,1.7,3.574,2.378,8.951
2025-05-31,1.7,3.571,2.377,8.952
2025-06-01,1.7,3.569,2.376,8.954
2025-06-02,1.7,3.567,2.376,8.956
2025-06-03,1.7,3.564,2.375,8.957
2025-06-04,1.7,3.562,2.375,8.959
2025-06-05,1.7,3.56,2.374,8.96
2025-06-06,1.7,3.558,2.374,8.962
2025-06-07,1.7,3.555,2.373,8.963
2025-06-08,1.7,3.553,2.373,8.965
2025-06-09,1.7,3.551,2.372,8.966
2025-06-10,1.7,3.548,2.372,8.968
2025-06-11,1.7,3.546,2.371,8.969
2025-06-12,1.7,3.544,2.37,8.971
2025-06-13,1.7,3.541,2.37,8.972
2025-06-14,1.7,3.539,2.369,8.974
2025-06-15,1.7,3.537,2.369,8.975
2025-06-16,1.7,3.535,2.368,8.977
2025-06-17,1.7,3.532,2.368,8.979
2025-06-18,1.7,3.53,2.367,8.98
2025-06-19,1.7,3.528,2.367,8.982
2025-06-20,1.7,3.525,2.366,8.983
2025-06-21,1.7,3.523,2.365,8.985
2025-06-22,1.7,3.521,2.365,8.986
2025-06-23,1.7,3.518,2.364,8.988
2025-06-24,1.7,3.516,2.364,8.989
2025-06-25,1.7,3.514,2.363,8.991
2025-06-26,1.7,3.512,2.363,8.992
2025-06-27,1.7,3.509,2.362,8.994
2025-06-28,1.7,3.507,2.362,8.995
2025-06-29,1.7,3.505,2.361,8.997
2025-06-30,1.7,3.502,2.361,8.998
2025-07-01,1.7,3.5,2.36,9.0
2025-07-02,1.697,3.495,2.361,8.995
2025-07-03,1.693,3.489,2.363,8.989
2025-07-04,1.69,3.484,2.364,8.984
2025-07-05,1.687,3.478,2.365,8.978
2025-07-06,1.684,3.473,2.367,8.973
2025-07-07,1.68,3.467,2.368,8.967
2025-07-08,1.677,3.462,2.369,8.962
2025-07-09,1.674,3.457,2.37,8.957
2025-07-10,1.671,3.451,2.372,8.951
2025-07-11,1.667,3.446,2.373,8.946
2025-07-12,1.664,3.44,2.374,8.94
2025-07-13,1.661,3.435,2.376,8.935
2025-07-14,1.658,3.429,2.377,8.929
2025-07-15,1.654,3.424,2.378,8.924
2025-07-16,1.651,3.418,2.38,8.918
2025-07-17,1.648,3.413,2.381,8.913
2025-07-18,1.645,3.408,2.382,8.908
2025-07-19,1.641,3.402,2.383,8.902
2025-07-20,1.638,3.397,2.385,8.897
2025-07-21,1.635,3.391,2.386,8.891
2025-07-22,1.632,3.386,2.387,8.886
2025-07-23,1.628,3.38,2.389,8.88
2025-07-24,1.625,3.375,2.39,8.875
2025-07-25,1.622,3.37,2.391,8.87
2025-07-26,1.618,3.364,2.393,8.864
2025-07-27,1.615,3.359,2.394,8.859
2025-07-28,1.612,3.353,2.395,8.853
2025-07-29,1.609,3.348,2.397,8.848
2025-07-30,1.605,3.342,2.398,8.842
2025-07-31,1.602,3.337,2.399,8.837
2025-08-01,1.599,3.332,2.4,8.832
2025-08-02,1.596,3.326,2.402,8.826
2025-08-03,1.592,3.321,2.403,8.821
2025-08-04,1.589,3.315,2.404,8.815
2025-08-05,1.586,3.31,2.406,8.81
2025-08-06,1.583,3.304,2.407,8.804
2025-08-07,1.579,3.299,2.408,8.799
2025-08-08,1.576,3.293,2.41,8.793
2025-08-09,1.573,3.288,2.411,8.788
2025-08-10,1.57,3.283,2.412,8.783
2025-08-11,1.566,3.277,2.413,8.777
2025-08-12,1.563,3.272,2.415,8.772
2025-08-13,1.56,3.266,2.416,8.766
2025-08-14,1.557,3.261,2.417,8.761
2025-08-15,1.553,3.255,2.419,8.755
2025-08-16,1.55,3.25,2.42,8.75
2025-08-17,1.547,3.245,2.421,8.745
2025-08-18,1.543,3.239,2.423,8.739
2025-08-19,1.54,3.234,2.424,8.734
2025-08-20,1.537,3.228,2.425,8.728
2025-08-21,1.534,3.223,2.427,8.723
2025-08-22,1.53,3.217,2.428,8.717
2025-08-23,1.527,3.212,2.429,8.712
2025-08-24,1.524,3.207,2.43,8.707
2025-08-25,1.521,3.201,2.432,8.701
2025-08-26,1.517,3.196,2.433,8.696
2025-08-27,1.514,3.19,2.434,8.69
2025-08-28,1.511,3.185,2.436,8.685
2025-08-29,1.508,3.179,2.437,8.679
2025-08-30,1.504,3.174,2.438,8.674
2025-08-31,1.501,3.168,2.44,8.668
2025-09-01,1.498,3.163,2.441,8.663
2025-09-02,1.495,3.158,2.442,8.658
2025-09-03,1.491,3.152,2.443,8.652
2025-09-04,1.488,3.147,2.445,8.647
2025-09-05,1.485,3.141,2.446,8.641
2025-09-06,1.482,3.136,2.447,8.636
2025-09-07,1.478,3.13,2.449,8.63
2025-09-08,1.475,3.125,2.45,8.625
2025-09-09,1.472,3.12,2.451,8.62
2025-09-10,1.468,3.114,2.453,8.614
2025-09-11,1.465,3.109,2.454,8.609
2025-09-12,1.462,3.103,2.455,8.603
2025-09-13,1.459,3.098,2.457,8.598
2025-09-14,1.455,3.092,2.458,8.592
2025-09-15,1.452,3.087,2.459,8.587
2025-09-16,1.449,3.082,2.46,8.582
2025-09-17,1.446,3.076,2.462,8.576
2025-09-18,1.442,3.071,2.463,8.571
2025-09-19,1.439,3.065,2.464,8.565
2025-09-20,1.436,3.06,2.466,8.56
2025-09-21,1.433,3.054,2.467,8.554
2025-09-22,1.429,3.049,2.468,8.549
2025-09-23,1.426,3.043,2.47,8.543
2025-09-24,1.423,3.038,2.471,8.538
2025-09-25,1.42,3.033,2.472,8.533
2025-09-26,1.416,3.027,2.473,8.527
2025-09-27,1.413,3.022,2.475,8.522
2025-09-28,1.41,3.016,2.476,8.516
2025-09-29,1.407,3.011,2.477,8.511
2025-09-30,1.403,3.005,2.479,8.505
2025-10-01,1.4,3.0,2.48,8.5
2025-10-02,1.4,2.995,2.475,8.495
2025-10-03,1.4,2.989,2.471,8.489
2025-10-04,1.4,2.984,2.466,8.484
2025-10-05,1.4,2.978,2.462,8.478
2025-10-06,1.4,2.973,2.457,8.473
2025-10-07,1.4,2.967,2.453,8.467
2025-10-08,1.4,2.962,2.448,8.462
2025-10-09,1.4,2.957,2.443,8.457
2025-10-10,1.4,2.951,2.439,8.451
2025-10-11,1.4,2.946,2.434,8.446
2025-10-12,1.4,2.94,2.43,8.44
2025-10-13,1.4,2.935,2.425,8.435
2025-10-14,1.4,2.929,2.421,8.429
2025-10-15,1.4,2.924,2.416,8.424
2025-10-16,1.4,2.918,2.412,8.418
2025-10-17,1.4,2.913,2.407,8.413
2025-10-18,1.4,2.908,2.402,8.408
2025-10-19,1.4,2.902,2.398,8.402
2025-10-20,1.4,2.897,2.393,8.397
2025-10-21,1.4,2.891,2.389,8.391
2025-10-22,1.4,2.886,2.384,8.386
2025-10-23,1.4,2.88,2.38,8.38
2025-10-24,1.4,2.875,2.375,8.375
2025-10-25,1.4,2.87,2.37,8.37
2025-10-26,1.4,2.864,2.366,8.364
2025-10-27,1.4,2.859,2.361,8.359
2025-10-28,1.4,2.853,2.357,8.353
2025-10-29,1.4,2.848,2.352,8.348
2025-10-30,1.4,2.842,2.348,8.342
2025-10-31,1.4,2.837,2.343,8.337
2025-11-01,1.4,2.832,2.338,8.332
2025-11-02,1.4,2.826,2.334,8.326
2025-11-03,1.4,2.821,2.329,8.321
2025-11-04,1.4,2.815,2.325,8.315
2025-11-05,1.4,2.81,2.32,8.31
2025-11-06,1.4,2.804,2.316,8.304
2025-11-07,1.4,2.799,2.311,8.299
2025-11-08,1.4,2.793,2.307,8.293
2025-11-09,1.4,2.788,2.302,8.288
2025-11-10,1.4,2.783,2.297,8.283
2025-11-11,1.4,2.777,2.293,8.277
2025-11-12,1.4,2.772,2.288,8.272
2025-11-13,1.4,2.766,2.284,8.266
2025-11-14,1.4,2.761,2.279,8.261
2025-11-15,1.4,2.755,2.275,8.255
2025-11-16,1.4,2.75,2.27,8.25
2025-11-17,1.4,2.745,2.265,8.245
2025-11-18,1.4,2.739,2.261,8.239
2025-11-19,1.4,2.734,2.256,8.234
2025-11-20,1.4,2.728,2.252,8.228
2025-11-21,1.4,2.723,2.247,8.223
2025-11-22,1.4,2.717,2.243,8.217
2025-11-23,1.4,2.712,2.238,8.212
2025-11-24,1.4,2.707,2.233,8.207
2025-11-25,1.4,2.701,2.229,8.201
2025-11-26,1.4,2.696,2.224,8.196
2025-11-27,1.4,2.69,2.22,8.19
2025-11-28,1.4,2.685,2.215,8.185
2025-11-29,1.4,2.679,2.211,8.179
2025-11-30,1.4,2.674,2.206,8.174
2025-12-01,1.4,2.668,2.202,8.168
2025-12-02,1.4,2.663,2.197,8.163
2025-12-03,1.4,2.658,2.192,8.158
2025-12-04,1.4,2.652,2.188,8.152
2025-12-05,1.4,2.647,2.183,8.147
2025-12-06,1.4,2.641,2.179,8.141
2025-12-07,1.4,2.636,2.174,8.136
2025-12-08,1.4,2.63,2.17,8.13
2025-12-09,1.4,2.625,2.165,8.125
2025-12-10,1.4,2.62,2.16,8.12
2025-12-11,1.4,2.614,2.156,8.114
2025-12-12,1.4,2.609,2.151,8.109
2025-12-13,1.4,2.603,2.147,8.103
2025-12-14,1.4,2.598,2.142,8.098
2025-12-15,1.4,2.592,2.138,8.092
2025-12-16,1.4,2.587,2.133,8.087
2025-12-17,1.4,2.582,2.128,8.082
2025-12-18,1.4,2.576,2.124,8.076
2025-12-19,1.4,2.571,2.119,8.071
2025-12-20,1.4,2.565,2.115,8.065
2025-12-21,1.4,2.56,2.11,8.06
2025-12-22,1.4,2.554,2.106,8.054
2025-12-23,1.4,2.549,2.101,8.049
2025-12-24,1.4,2.543,2.097,8.043
2025-12-25,1.4,2.538,2.092,8.038
2025-12-26,1.4,2.533,2.087,8.033
2025-12-27,1.4,2.527,2.083,8.027
2025-12-28,1.4,2.522,2.078,8.022
2025-12-29,1.4,2.516,2.074,8.016
2025-12-30,1.4,2.511,2.069,8.011
2025-12-31,1.4,2.505,2.065,8.005
2026-01-01,1.4,2.5,2.06,8.0
2026-01-02,1.4,2.5,2.06,8.0
2026-01-03,1.4,2.5,2.06,8.0
2026-01-04,1.4,2.5,2.06,8.0
2026-01-05,1.4,2.5,2.06,8.0
2026-01-06,1.4,2.5,2.06,8.0
2026-01-07,1.4,2.5,2.06,8.0
2026-01-08,1.4,2.5,2.06,8.0
2026-01-09,1.4,2.5,2.06,8.0
2026-01-10,1.4,2.5,2.06,8.0
2026-01-11,1.4,2.5,2.06,8.0
2026-01-12,1.4,2.5,2.06,8.0
2026-01-13,1.4,2.5,2.06,8.0
2026-01-14,1.4,2.5,2.06,8.0
2026-01-15,1.4,2.5,2.06,8.0
2026-01-16,1.4,2.5,2.06,8.0
2026-01-17,1.4,2.5,2.06,8.0
2026-01-18,1.4,2.5,2.06,8.0
2026-01-19,1.4,2.5,2.06,8.0
2026-01-20,1.4,2.5,2.06,8.0
2026-01-21,1.4,2.5,2.06,8.0
2026-01-22,1.4,2.5,2.06,8.0
2026-01-23,1.4,2.5,2.06,8.0
2026-01-24,1.4,2.5,2.06,8.0
2026-01-25,1.4,2.5,2.06,8.0
2026-01-26,1.4,2.5,2.06,8.0
2026-01-27,1.4,2.5,2.06,8.0
2026-01-28,1.4,2.5,2.06,8.0
2026-01-29,1.4,2.5,2.06,8.0
2026-01-30,1.4,2.5,2.06,8.0
2026-01-31,1.4,2.5,2.06,8.0
2026-02-01,1.4,2.5,2.06,8.0
2026-02-02,1.4,2.5,2.06,8.0
2026-02-03,1.4,2.5,2.06,8.0
2026-02-04,1.4,2.5,2.06,8.0
2026-02-05,1.4,2.5,2.06,8.0
2026-02-06,1.4,2.5,2.06,8.0
2026-02-07,1.4,2.5,2.06,8.0
2026-02-08,1.4,2.5,2.06,8.0
2026-02-09,1.4,2.5,2.06,8.0
2026-02-10,1.4,2.5,2.06,8.0
2026-02-11,1.4,2.5,2.06,8.0
2026-02-12,1.4,2.5,2.06,8.0
2026-02-13,1.4,2.5,2.06,8.0
2026-02-14,1.4,2.5,2.06,8.0
2026-02-15,1.4,2.5,2.06,8.0
2026-02-16,1.4,2.5,2.06,8.0
2026-02-17,1.4,2.5,2.06,8.0
2026-02-18,1.4,2.5,2.06,8.0
2026-02-19,1.4,2.5,2.06,8.0
2026-02-20,1.4,2.5,2.06,8.0
2026-02-21,1.4,2.5,2.06,8.0
2026-02-22,1.4,2.5,2.06,8.0
2026-02-23,1.4,2.5,2.06,8.0
2026-02-24,1.4,2.5,2.06,8.0
2026-02-25,1.4,2.5,2.06,8.0
2026-02-26,1.4,2.5,2.06,8.0
2026-02-27,1.4,2.5,2.06,8.0
2026-02-28,1.4,2.5,2.06,8.0
2026-03-01,1.4,2.5,2.06,8.0
2026-03-02,1.4,2.5,2.06,8.0
2026-03-03,1.4,2.5,2.06,8.0
2026-03-04,1.4,2.5,2.06,8.0
2026-03-05,1.4,2.5,2.06,8.0
2026-03-06,1.4,2.5,2.06,8.0
2026-03-07,1.4,2.5,2.06,8.0
2026-03-08,1.4,2.5,2.06,8.0
2026-03-09,1.4,2.5,2.06,8.0
2026-03-10,1.4,2.5,2.06,8.0
2026-03-11,1.4,2.5,2.06,8.0
2026-03-12,1.4,2.5,2.06,8.0
